Captura;Ciudad;Edad;Genero;Vivienda;Ecivil;Ubicacion;Salario;Hijos;Historial;Catalogos;Monto
REPORTE MKT;;Adulta;Femenino;Propia;Soltero;Lejos;47500;0;Alto;6;755
REPORTE MKT;;Media;Masculino;Alquilada;Soltero;Cerca;63600;0;Alto;6;1318
REPORTE MKT;;Joven;Femenino;Alquilada;Soltero;Cerca;13500;0;Bajo;18;296
REPORTE MKT;;Media;Masculino;Propia;Casado;Cerca;85600;1;Alto;18;2436
REPORTE MKT;;Media;Femenino;Propia;Soltero;Cerca;68400;0;Alto;12;1304
REPORTE MKT;;Joven;Masculino;Propia;Casado;Cerca;30400;0;Bajo;6;495
REPORTE MKT;;Media;Femenino;Alquilada;Soltero;Cerca;48100;0;Medio;12;782
REPORTE MKT;;Media;Masculino;Propia;Soltero;Cerca;68400;0;Alto;18;1155
REPORTE MKT;;Media;Femenino;Propia;Casado;Cerca;51900;3;Bajo;6;158
REPORTE MKT;;Adulta;Masculino;Propia;Casado;Lejos;80700;0;NA;18;3034
REPORTE MKT;;Joven;Masculino;Alquilada;Casado;Cerca;43700;1;NA;12;927
REPORTE MKT;;Media;Masculino;Propia;Casado;Lejos;111800;3;Alto;18;2065
REPORTE MKT;;Media;Femenino;Propia;Casado;Cerca;44100;1;Medio;24;704
REPORTE MKT;;Media;Masculino;Propia;Casado;Cerca;111400;0;Alto;12;2136
REPORTE MKT;;Adulta;Femenino;Propia;Casado;Lejos;110000;0;Alto;24;5564
REPORTE MKT;;Media;Femenino;Propia;Casado;Lejos;83100;1;NA;12;2766
REPORTE MKT;;Adulta;Femenino;Propia;Casado;Cerca;82800;0;Alto;24;3010
REPORTE MKT;;Media;Masculino;Propia;Casado;Cerca;90100;0;Alto;18;1956
REPORTE MKT;;Media;Masculino;Alquilada;Soltero;Cerca;38600;1;Bajo;18;542
REPORTE MKT;;Adulta;Femenino;Alquilada;Soltero;Lejos;14000;0;Bajo;12;410
REPORTE MKT;;Joven;Femenino;Alquilada;Soltero;Lejos;14300;2;Bajo;6;194
REPORTE MKT;;Joven;Masculino;Alquilada;Casado;Cerca;49800;0;Medio;12;827
REPORTE MKT;;Adulta;Femenino;Alquilada;Casado;Lejos;60200;0;Alto;18;2328
REPORTE MKT;;Joven;Masculino;Alquilada;Casado;Lejos;43500;1;Medio;12;808
REPORTE MKT;;Joven;Femenino;Alquilada;Casado;Cerca;41700;1;NA;6;521
REPORTE MKT;;Media;Femenino;Propia;Casado;Cerca;92300;3;Bajo;18;655
REPORTE MKT;;Media;Masculino;Propia;Soltero;Cerca;62800;3;NA;6;707
REPORTE MKT;;Media;Femenino;Alquilada;Casado;Lejos;72900;0;Alto;18;2075
REPORTE MKT;;Media;Femenino;Alquilada;Casado;Cerca;66900;2;Medio;12;769
REPORTE MKT;;Joven;Masculino;Alquilada;Soltero;Cerca;21700;1;NA;18;774
REPORTE MKT;;Adulta;Femenino;Alquilada;Casado;Cerca;39700;0;Medio;12;573
REPORTE MKT;;Media;Masculino;Alquilada;Casado;Lejos;72200;1;Alto;12;2082
REPORTE MKT;;Media;Femenino;Alquilada;Casado;Cerca;87700;3;NA;24;2446
REPORTE MKT;;Media;Masculino;Propia;Casado;Cerca;104100;0;Alto;24;2636
REPORTE MKT;;Media;Masculino;Alquilada;Soltero;Lejos;67700;0;Alto;12;2226
REPORTE MKT;;Media;Femenino;Propia;Soltero;Cerca;27000;2;Bajo;6;183
REPORTE MKT;;Media;Femenino;Propia;Soltero;Lejos;64100;2;Alto;24;1595
REPORTE MKT;;Media;Masculino;Alquilada;Soltero;Cerca;47000;1;Medio;12;584
REPORTE MKT;;Adulta;Femenino;Propia;Casado;Cerca;41600;0;NA;18;982
REPORTE MKT;;Adulta;Femenino;Alquilada;Soltero;Cerca;20100;0;Bajo;24;576
REPORTE MKT;;Media;Masculino;Propia;Soltero;Cerca;64000;3;Bajo;12;410
REPORTE MKT;;Media;Femenino;Propia;Casado;Lejos;96800;3;NA;24;3082
REPORTE MKT;;Media;Masculino;Alquilada;Casado;Cerca;76200;1;NA;24;2437
REPORTE MKT;;Adulta;Femenino;Alquilada;Casado;Lejos;81500;0;Alto;18;3655
REPORTE MKT;;Media;Femenino;Propia;Soltero;Cerca;49600;1;Medio;12;844
REPORTE MKT;;Adulta;Femenino;Propia;Casado;Cerca;111500;0;Alto;18;2510
REPORTE MKT;;Media;Masculino;Propia;Casado;Cerca;77700;0;NA;6;983
REPORTE MKT;;Joven;Masculino;Propia;Casado;Cerca;58900;0;NA;18;1215
REPORTE MKT;;Media;Masculino;Propia;Casado;Cerca;126500;2;Alto;18;2000
REPORTE MKT;;Media;Femenino;Propia;Casado;Cerca;83300;1;Alto;24;2574
REPORTE MKT;;Media;Femenino;Propia;Casado;Cerca;90500;1;Alto;6;1116
REPORTE MKT;;Media;Femenino;Propia;Casado;Lejos;87200;0;Alto;18;3604
REPORTE MKT;;Media;Femenino;Propia;Casado;Cerca;105300;1;NA;24;3360
REPORTE MKT;;Media;Femenino;Propia;Soltero;Lejos;56000;3;Medio;6;530
REPORTE MKT;;Media;Femenino;Alquilada;Soltero;Cerca;46600;0;Medio;24;906
REPORTE MKT;;Adulta;Masculino;Alquilada;Casado;Cerca;69800;0;Alto;24;2764
REPORTE MKT;;Media;Masculino;Propia;Soltero;Cerca;60300;0;Alto;24;1263
REPORTE MKT;;Joven;Masculino;Alquilada;Casado;Cerca;67800;0;Alto;12;1084
REPORTE MKT;;Media;Masculino;Alquilada;Soltero;Cerca;42300;0;Medio;24;1051
REPORTE MKT;;Joven;Femenino;Propia;Casado;Lejos;33700;0;NA;6;614
REPORTE MKT;;Media;Masculino;Propia;Soltero;Cerca;62700;2;Medio;12;704
REPORTE MKT;;Joven;Femenino;Propia;Soltero;Cerca;25900;2;NA;12;449
REPORTE MKT;;Joven;Femenino;Propia;Soltero;Cerca;15600;1;Bajo;6;136
REPORTE MKT;;Adulta;Femenino;Propia;Soltero;Cerca;14600;0;Bajo;24;468
REPORTE MKT;;Adulta;Femenino;Propia;Casado;Cerca;62600;0;Alto;6;565
REPORTE MKT;;Joven;Masculino;Alquilada;Casado;Cerca;66700;0;NA;18;1310
REPORTE MKT;;Media;Masculino;Propia;Casado;Lejos;72500;0;NA;24;2595
REPORTE MKT;;Joven;Femenino;Alquilada;Soltero;Lejos;13200;0;NA;24;358
REPORTE MKT;;Media;Femenino;Propia;Soltero;Cerca;51300;0;Medio;24;1424
REPORTE MKT;;Media;Masculino;Propia;Soltero;Lejos;72300;0;Alto;24;4182
REPORTE MKT;;Joven;Femenino;Alquilada;Soltero;Cerca;15600;0;NA;12;468
REPORTE MKT;;Media;Femenino;Propia;Casado;Lejos;90400;1;Alto;18;2924
REPORTE MKT;;Media;Masculino;Propia;Soltero;Lejos;71500;0;NA;6;964
REPORTE MKT;;Joven;Masculino;Alquilada;Soltero;Cerca;14400;0;NA;24;615
REPORTE MKT;;Joven;Masculino;Alquilada;Soltero;Cerca;15000;3;Bajo;6;38
REPORTE MKT;;Media;Masculino;Propia;Soltero;Cerca;57600;1;NA;6;1006
REPORTE MKT;;Joven;Femenino;Alquilada;Casado;Cerca;60600;3;Bajo;12;307
REPORTE MKT;;Media;Masculino;Propia;Casado;Lejos;84300;2;Alto;18;1648
REPORTE MKT;;Joven;Femenino;Propia;Soltero;Cerca;24400;1;Bajo;6;220
REPORTE MKT;;Joven;Femenino;Alquilada;Soltero;Cerca;22100;2;Bajo;18;280
REPORTE MKT;;Media;Masculino;Alquilada;Casado;Lejos;48800;2;NA;12;1647
REPORTE MKT;;Media;Femenino;Propia;Casado;Cerca;74700;1;Medio;6;704
REPORTE MKT;;Joven;Femenino;Alquilada;Soltero;Lejos;32400;1;Medio;24;920
REPORTE MKT;;Adulta;Femenino;Propia;Soltero;Cerca;11400;0;NA;6;258
REPORTE MKT;;Media;Masculino;Propia;Casado;Cerca;127000;0;NA;12;1821
REPORTE MKT;;Media;Masculino;Alquilada;Soltero;Cerca;47200;0;Medio;18;1587
REPORTE MKT;;Media;Femenino;Propia;Soltero;Cerca;48700;2;Bajo;12;528
REPORTE MKT;;Joven;Masculino;Alquilada;Soltero;Lejos;20400;0;Medio;18;867
REPORTE MKT;;Media;Masculino;Alquilada;Soltero;Cerca;39000;0;NA;6;643
REPORTE MKT;;Joven;Femenino;Alquilada;Soltero;Cerca;12900;1;Bajo;6;107
REPORTE MKT;;Media;Femenino;Alquilada;Casado;Lejos;67300;1;Alto;18;1513
REPORTE MKT;;Adulta;Masculino;Propia;Casado;Cerca;134500;0;Alto;24;4558
REPORTE MKT;;Adulta;Masculino;Propia;Casado;Cerca;75500;0;Alto;6;741
REPORTE MKT;;Adulta;Femenino;Propia;Casado;Lejos;33600;2;Medio;12;805
REPORTE MKT;;Joven;Femenino;Alquilada;Soltero;Cerca;16300;1;NA;12;470
REPORTE MKT;;Joven;Masculino;Alquilada;Casado;Cerca;27400;1;Bajo;6;278
REPORTE MKT;;Media;Femenino;Propia;Casado;Cerca;110400;3;Bajo;24;1093
REPORTE MKT;;Joven;Femenino;Alquilada;Soltero;Lejos;21100;1;Bajo;6;470
REPORTE MKT;;Media;Masculino;Propia;Casado;Cerca;81200;0;Alto;24;1856
REPORTE MKT;;Media;Masculino;Alquilada;Casado;Lejos;87100;2;Alto;18;1688
REPORTE MKT;;Joven;Femenino;Alquilada;Soltero;Lejos;21700;3;NA;24;708
REPORTE MKT;;Media;Femenino;Alquilada;Soltero;Cerca;42200;0;NA;18;1753
REPORTE MKT;;Media;Masculino;Alquilada;Soltero;Lejos;59000;0;Alto;24;3044
REPORTE MKT;;Media;Femenino;Propia;Soltero;Cerca;52700;2;Bajo;18;855
REPORTE MKT;;Joven;Masculino;Propia;Soltero;Cerca;20900;0;Bajo;24;550
REPORTE MKT;;Media;Masculino;Propia;Casado;Lejos;90700;3;Alto;24;2265
REPORTE MKT;;Adulta;Femenino;Propia;Casado;Lejos;91800;0;NA;24;2452
REPORTE MKT;;Joven;Femenino;Propia;Soltero;Lejos;27900;0;Medio;18;1184
REPORTE MKT;;Adulta;Femenino;Propia;Casado;Cerca;70700;0;Alto;24;2150
REPORTE MKT;;Media;Masculino;Propia;Casado;Cerca;79600;2;NA;6;1575
REPORTE MKT;;Media;Masculino;Alquilada;Casado;Cerca;96400;1;Alto;24;1822
REPORTE MKT;;Media;Femenino;Propia;Soltero;Cerca;46600;2;NA;18;1153
REPORTE MKT;;Adulta;Masculino;Propia;Casado;Cerca;106600;0;Alto;12;1877
REPORTE MKT;;Media;Femenino;Alquilada;Casado;Cerca;104900;3;Bajo;6;450
REPORTE MKT;;Adulta;Masculino;Alquilada;Soltero;Cerca;56300;0;Medio;6;873
REPORTE MKT;;Joven;Femenino;Alquilada;Soltero;Cerca;14800;1;Bajo;6;209
REPORTE MKT;;Adulta;Masculino;Propia;Casado;Cerca;58300;0;Medio;24;1472
REPORTE MKT;;Media;Masculino;Propia;Soltero;Lejos;70200;0;Alto;12;1702
REPORTE MKT;;Adulta;Masculino;Propia;Casado;Lejos;59700;0;Alto;18;1857
REPORTE MKT;;Joven;Masculino;Alquilada;Soltero;Cerca;25800;0;NA;6;451
REPORTE MKT;;Joven;Femenino;Alquilada;Soltero;Cerca;12000;0;Bajo;24;344
REPORTE MKT;;Media;Masculino;Alquilada;Soltero;Lejos;51900;0;Alto;18;1492
REPORTE MKT;;Media;Femenino;Propia;Soltero;Lejos;66800;3;NA;24;2098
REPORTE MKT;;Media;Masculino;Propia;Casado;Cerca;105300;1;NA;18;3505
REPORTE MKT;;Joven;Femenino;Alquilada;Soltero;Lejos;13800;3;Bajo;6;127
REPORTE MKT;;Joven;Masculino;Alquilada;Soltero;Cerca;14800;3;NA;12;436
REPORTE MKT;;Media;Femenino;Propia;Casado;Lejos;44200;0;Alto;24;2524
REPORTE MKT;;Joven;Masculino;Alquilada;Soltero;Cerca;10400;0;NA;18;189
REPORTE MKT;;Media;Femenino;Propia;Soltero;Cerca;35200;0;Medio;12;607
REPORTE MKT;;Joven;Femenino;Alquilada;Soltero;Lejos;16100;0;NA;6;202
REPORTE MKT;;Media;Masculino;Propia;Casado;Cerca;113000;2;Medio;18;1554
REPORTE MKT;;Media;Masculino;Propia;Casado;Cerca;63300;2;NA;6;633
REPORTE MKT;;Joven;Masculino;Alquilada;Soltero;Cerca;19100;0;NA;6;176
REPORTE MKT;;Media;Femenino;Propia;Casado;Cerca;93400;2;NA;24;3079
REPORTE MKT;;Adulta;Femenino;Alquilada;Casado;Lejos;52500;0;Alto;24;2038
REPORTE MKT;;Media;Femenino;Alquilada;Casado;Lejos;45400;3;Medio;24;1203
REPORTE MKT;;Joven;Femenino;Propia;Soltero;Lejos;21400;3;NA;6;326
REPORTE MKT;;Media;Femenino;Propia;Soltero;Cerca;53700;3;Bajo;12;235
REPORTE MKT;;Joven;Femenino;Propia;Casado;Lejos;68000;0;Alto;24;3688
REPORTE MKT;;Joven;Masculino;Alquilada;Soltero;Cerca;17400;0;NA;12;332
REPORTE MKT;;Joven;Femenino;Alquilada;Soltero;Cerca;14600;1;Bajo;6;143
REPORTE MKT;;Adulta;Femenino;Propia;Casado;Lejos;100100;0;Alto;12;3104
REPORTE MKT;;Media;Masculino;Propia;Casado;Lejos;103700;1;Alto;24;2339
REPORTE MKT;;Joven;Femenino;Alquilada;Soltero;Lejos;10800;3;Bajo;6;123
REPORTE MKT;;Media;Femenino;Propia;Casado;Cerca;81700;3;Bajo;24;879
REPORTE MKT;;Adulta;Femenino;Alquilada;Soltero;Cerca;21400;0;Bajo;18;498
REPORTE MKT;;Adulta;Femenino;Propia;Casado;Cerca;114800;0;Alto;18;3596
REPORTE MKT;;Adulta;Femenino;Propia;Casado;Lejos;67900;0;Alto;24;2925
REPORTE MKT;;Media;Masculino;Propia;Casado;Cerca;53700;1;NA;12;1081
REPORTE MKT;;Joven;Femenino;Alquilada;Soltero;Lejos;11400;3;NA;12;312
REPORTE MKT;;Joven;Masculino;Alquilada;Casado;Cerca;34300;3;NA;12;1297
REPORTE MKT;;Joven;Femenino;Alquilada;Soltero;Cerca;16400;1;Bajo;12;218
REPORTE MKT;;Media;Femenino;Propia;Casado;Lejos;109800;0;Alto;18;4279
REPORTE MKT;;Media;Masculino;Propia;Soltero;Cerca;64200;0;Alto;18;1642
REPORTE MKT;;Joven;Masculino;Alquilada;Soltero;Cerca;17000;0;NA;18;581
REPORTE MKT;;Media;Femenino;Alquilada;Soltero;Cerca;41400;3;Bajo;6;223
REPORTE MKT;;Media;Femenino;Propia;Soltero;Cerca;49100;2;Bajo;6;474
REPORTE MKT;;Adulta;Femenino;Propia;Soltero;Lejos;42600;0;Alto;24;1790
REPORTE MKT;;Joven;Femenino;Alquilada;Soltero;Cerca;11900;1;Bajo;6;143
REPORTE MKT;;Media;Masculino;Propia;Casado;Lejos;113600;2;Alto;18;3237
REPORTE MKT;;Media;Masculino;Propia;Soltero;Cerca;52900;1;NA;24;2316
REPORTE MKT;;Joven;Femenino;Alquilada;Soltero;Cerca;14300;1;NA;18;458
REPORTE MKT;;Joven;Masculino;Alquilada;Soltero;Cerca;21000;0;Bajo;24;646
REPORTE MKT;;Media;Masculino;Propia;Soltero;Lejos;59600;2;Medio;18;1217
REPORTE MKT;;Media;Femenino;Alquilada;Soltero;Cerca;39700;3;Bajo;12;238
REPORTE MKT;;Adulta;Masculino;Propia;Casado;Cerca;51200;0;Medio;12;1293
REPORTE MKT;;Media;Femenino;Propia;Casado;Cerca;88200;0;NA;24;2749
REPORTE MKT;;Media;Masculino;Propia;Casado;Lejos;122100;0;Alto;12;2408
REPORTE MKT;;Adulta;Femenino;Alquilada;Casado;Cerca;84800;0;Alto;18;2624
REPORTE MKT;;Media;Masculino;Propia;Casado;Lejos;140000;0;Alto;12;4894
REPORTE MKT;;Adulta;Femenino;Propia;Soltero;Cerca;28500;0;Bajo;24;621
REPORTE MKT;;Media;Masculino;Alquilada;Soltero;Cerca;60300;0;Alto;6;701
REPORTE MKT;;Joven;Femenino;Alquilada;Casado;Lejos;51900;0;NA;6;780
REPORTE MKT;;Media;Masculino;Propia;Soltero;Cerca;60200;0;Medio;12;1365
REPORTE MKT;;Media;Masculino;Propia;Casado;Lejos;81200;0;Alto;12;2693
REPORTE MKT;;Adulta;Masculino;Propia;Casado;Cerca;73100;0;Alto;6;1582
REPORTE MKT;;Adulta;Masculino;Propia;Soltero;Cerca;45700;0;Medio;18;724
REPORTE MKT;;Adulta;Femenino;Alquilada;Soltero;Cerca;28900;0;Bajo;12;830
REPORTE MKT;;Joven;Femenino;Alquilada;Casado;Cerca;60100;0;NA;18;1594
REPORTE MKT;;Media;Femenino;Propia;Casado;Cerca;84800;1;NA;12;1826
REPORTE MKT;;Adulta;Femenino;Propia;Casado;Cerca;35000;0;Medio;6;473
REPORTE MKT;;Joven;Femenino;Alquilada;Casado;Cerca;61700;0;NA;12;1161
REPORTE MKT;;Adulta;Femenino;Alquilada;Casado;Cerca;46900;0;Medio;6;703
REPORTE MKT;;Media;Femenino;Propia;Casado;Cerca;123600;1;NA;12;1892
REPORTE MKT;;Joven;Masculino;Alquilada;Casado;Cerca;45800;0;Medio;6;489
REPORTE MKT;;Media;Masculino;Propia;Casado;Lejos;77800;1;Alto;18;1813
REPORTE MKT;;Media;Femenino;Propia;Soltero;Cerca;48700;1;NA;12;1457
REPORTE MKT;;Media;Femenino;Alquilada;Soltero;Lejos;39000;3;Bajo;6;292
REPORTE MKT;;Joven;Femenino;Alquilada;Casado;Cerca;40000;0;NA;6;613
REPORTE MKT;;Media;Femenino;Alquilada;Casado;Cerca;118300;1;NA;18;2681
REPORTE MKT;;Joven;Femenino;Propia;Soltero;Cerca;27100;2;Bajo;24;437
REPORTE MKT;;Media;Femenino;Alquilada;Casado;Cerca;91000;2;Medio;6;708
REPORTE MKT;;Media;Femenino;Propia;Casado;Cerca;35300;0;Medio;24;1093
REPORTE MKT;;Joven;Femenino;Alquilada;Soltero;Lejos;10200;2;Bajo;18;213
REPORTE MKT;;Joven;Femenino;Alquilada;Soltero;Cerca;12500;1;Bajo;6;202
REPORTE MKT;;Adulta;Femenino;Propia;Soltero;Cerca;64600;0;NA;6;1298
REPORTE MKT;;Media;Masculino;Propia;Casado;Lejos;113800;0;NA;12;3273
REPORTE MKT;;Media;Masculino;Propia;Casado;Lejos;113400;3;Alto;18;1790
REPORTE MKT;;Joven;Femenino;Alquilada;Soltero;Cerca;16900;1;Bajo;6;247
REPORTE MKT;;Joven;Femenino;Alquilada;Soltero;Cerca;13600;1;Bajo;6;183
REPORTE MKT;;Media;Masculino;Propia;Casado;Lejos;100100;1;Alto;24;3491
REPORTE MKT;;Adulta;Femenino;Propia;Casado;Lejos;80000;0;Alto;6;1985
REPORTE MKT;;Media;Masculino;Propia;Casado;Cerca;83900;0;Alto;24;1721
REPORTE MKT;;Media;Masculino;Propia;Casado;Cerca;77000;0;Alto;12;2104
REPORTE MKT;;Media;Femenino;Alquilada;Casado;Cerca;72900;3;Bajo;6;252
REPORTE MKT;;Joven;Masculino;Alquilada;Casado;Cerca;80700;3;Bajo;6;202
REPORTE MKT;;Joven;Femenino;Alquilada;Casado;Cerca;40900;1;Medio;18;962
REPORTE MKT;;Joven;Femenino;Alquilada;Soltero;Cerca;26700;1;NA;12;459
REPORTE MKT;;Media;Masculino;Propia;Casado;Cerca;54700;0;Medio;18;848
REPORTE MKT;;Adulta;Femenino;Alquilada;Casado;Cerca;23600;1;Bajo;6;161
REPORTE MKT;;Media;Masculino;Alquilada;Soltero;Lejos;56900;0;Alto;24;1857
REPORTE MKT;;Media;Masculino;Propia;Soltero;Lejos;68700;1;NA;24;1699
REPORTE MKT;;Joven;Femenino;Alquilada;Soltero;Cerca;19300;1;Bajo;24;308
REPORTE MKT;;Joven;Masculino;Alquilada;Casado;Lejos;20200;1;Bajo;24;500
REPORTE MKT;;Media;Femenino;Alquilada;Casado;Lejos;61500;3;Medio;24;1162
REPORTE MKT;;Media;Femenino;Propia;Casado;Lejos;101700;1;NA;24;2551
REPORTE MKT;;Media;Femenino;Alquilada;Casado;Lejos;120800;1;Alto;24;5830
REPORTE MKT;;Joven;Femenino;Alquilada;Soltero;Lejos;17300;1;Bajo;18;381
REPORTE MKT;;Joven;Femenino;Alquilada;Casado;Cerca;42300;0;NA;6;856
REPORTE MKT;;Media;Masculino;Alquilada;Soltero;Cerca;53300;0;Medio;18;1720
REPORTE MKT;;Media;Femenino;Alquilada;Soltero;Cerca;42800;0;Medio;12;759
REPORTE MKT;;Media;Masculino;Propia;Casado;Cerca;98400;0;Alto;18;3305
REPORTE MKT;;Media;Femenino;Propia;Soltero;Cerca;51200;0;Medio;18;1257
REPORTE MKT;;Adulta;Masculino;Propia;Soltero;Cerca;62200;0;NA;12;1583
REPORTE MKT;;Media;Masculino;Propia;Casado;Cerca;109200;3;Bajo;24;1102
REPORTE MKT;;Joven;Femenino;Alquilada;Soltero;Cerca;11400;2;NA;6;186
REPORTE MKT;;Joven;Femenino;Alquilada;Soltero;Cerca;14000;0;Bajo;12;229
REPORTE MKT;;Adulta;Femenino;Alquilada;Casado;Cerca;97000;0;NA;24;2599
REPORTE MKT;;Joven;Femenino;Propia;Soltero;Lejos;29600;3;NA;12;774
REPORTE MKT;;Adulta;Masculino;Propia;Casado;Cerca;71200;1;Medio;12;638
REPORTE MKT;;Adulta;Femenino;Alquilada;Soltero;Lejos;15000;0;Bajo;12;378
REPORTE MKT;;Media;Masculino;Alquilada;Casado;Lejos;64000;1;NA;6;1552
REPORTE MKT;;Adulta;Masculino;Propia;Casado;Lejos;33000;0;Medio;12;979
REPORTE MKT;;Adulta;Femenino;Propia;Casado;Cerca;74400;0;Alto;18;2479
REPORTE MKT;;Joven;Masculino;Alquilada;Soltero;Lejos;20300;2;Bajo;24;450
REPORTE MKT;;Media;Masculino;Alquilada;Casado;Cerca;68700;0;Alto;24;2763
REPORTE MKT;;Joven;Masculino;Alquilada;Casado;Lejos;53600;3;Medio;24;1560
REPORTE MKT;;Adulta;Femenino;Propia;Soltero;Cerca;33200;0;Medio;24;1037
REPORTE MKT;;Joven;Femenino;Propia;Casado;Lejos;70900;0;NA;6;690
REPORTE MKT;;Joven;Femenino;Alquilada;Soltero;Cerca;23200;3;NA;24;770
REPORTE MKT;;Joven;Masculino;Propia;Soltero;Cerca;41400;0;Medio;18;643
REPORTE MKT;;Joven;Femenino;Alquilada;Casado;Cerca;63200;0;Alto;24;1512
REPORTE MKT;;Adulta;Masculino;Propia;Casado;Cerca;107400;0;Alto;12;1485
REPORTE MKT;;Joven;Masculino;Alquilada;Soltero;Lejos;13900;0;NA;24;570
REPORTE MKT;;Media;Femenino;Alquilada;Casado;Cerca;79900;1;Medio;18;1165
REPORTE MKT;;Media;Masculino;Propia;Casado;Lejos;120000;3;Alto;18;1926
REPORTE MKT;;Adulta;Masculino;Alquilada;Casado;Lejos;66300;0;NA;18;2243
REPORTE MKT;;Media;Femenino;Propia;Soltero;Cerca;54400;3;Bajo;18;342
REPORTE MKT;;Media;Masculino;Propia;Casado;Cerca;84200;0;Alto;24;1654
REPORTE MKT;;Joven;Femenino;Alquilada;Casado;Cerca;13800;0;Bajo;18;363
REPORTE MKT;;Joven;Femenino;Alquilada;Soltero;Lejos;14500;1;Bajo;6;222
REPORTE MKT;;Joven;Masculino;Alquilada;Soltero;Cerca;21300;0;Bajo;24;677
REPORTE MKT;;Adulta;Masculino;Alquilada;Soltero;Cerca;29000;0;Bajo;6;482
REPORTE MKT;;Adulta;Femenino;Alquilada;Soltero;Cerca;14600;1;Bajo;24;385
REPORTE MKT;;Adulta;Masculino;Propia;Soltero;Cerca;65300;0;Alto;18;1443
REPORTE MKT;;Media;Femenino;Propia;Casado;Cerca;100800;1;Alto;24;1789
REPORTE MKT;;Joven;Femenino;Alquilada;Soltero;Lejos;19800;1;Bajo;24;991
REPORTE MKT;;Media;Masculino;Propia;Soltero;Cerca;56700;2;Bajo;18;536
REPORTE MKT;;Adulta;Masculino;Alquilada;Casado;Cerca;90200;0;Alto;18;2183
REPORTE MKT;;Joven;Masculino;Alquilada;Soltero;Cerca;26100;1;NA;6;494
REPORTE MKT;;Joven;Femenino;Alquilada;Soltero;Cerca;15900;0;Bajo;18;503
REPORTE MKT;;Joven;Femenino;Alquilada;Soltero;Cerca;12700;3;Bajo;12;87
REPORTE MKT;;Media;Masculino;Alquilada;Soltero;Cerca;43200;0;NA;24;917
REPORTE MKT;;Media;Femenino;Alquilada;Casado;Cerca;114100;1;NA;24;1976
REPORTE MKT;;Media;Masculino;Propia;Casado;Cerca;96100;3;Bajo;12;316
REPORTE MKT;;Media;Masculino;Propia;Casado;Cerca;97200;0;NA;12;1634
REPORTE MKT;;Media;Masculino;Propia;Casado;Lejos;82400;2;Alto;24;2035
REPORTE MKT;;Adulta;Masculino;Propia;Soltero;Lejos;62000;0;Alto;24;3293
REPORTE MKT;;Joven;Femenino;Alquilada;Soltero;Cerca;13400;1;Bajo;12;143
REPORTE MKT;;Media;Masculino;Propia;Casado;Cerca;108200;3;Bajo;12;635
REPORTE MKT;;Joven;Femenino;Propia;Casado;Cerca;76200;0;Alto;12;979
REPORTE MKT;;Media;Masculino;Alquilada;Casado;Cerca;81800;1;Alto;18;1838
REPORTE MKT;;Joven;Femenino;Alquilada;Soltero;Lejos;12000;0;Bajo;6;264
REPORTE MKT;;Media;Masculino;Propia;Casado;Cerca;76100;0;NA;6;719
REPORTE MKT;;Media;Masculino;Propia;Casado;Cerca;82100;1;Alto;18;1308
REPORTE MKT;;Adulta;Femenino;Propia;Casado;Cerca;103300;0;Alto;24;3378
REPORTE MKT;;Joven;Masculino;Alquilada;Soltero;Cerca;14200;1;NA;24;400
REPORTE MKT;;Media;Femenino;Propia;Soltero;Lejos;47500;0;Alto;6;847
REPORTE MKT;;Joven;Femenino;Alquilada;Soltero;Cerca;31300;1;Bajo;6;357
REPORTE MKT;;Joven;Femenino;Alquilada;Casado;Lejos;32700;1;NA;18;1276
REPORTE MKT;;Media;Masculino;Propia;Casado;Cerca;72200;0;Alto;24;2492
REPORTE MKT;;Media;Femenino;Propia;Casado;Cerca;107600;2;Medio;12;1512
REPORTE MKT;;Media;Masculino;Propia;Casado;Cerca;109900;2;Medio;12;870
REPORTE MKT;;Media;Femenino;Propia;Casado;Cerca;65400;2;Medio;24;938
REPORTE MKT;;Adulta;Femenino;Propia;Soltero;Cerca;43300;0;NA;12;1584
REPORTE MKT;;Adulta;Femenino;Propia;Soltero;Cerca;51900;0;Medio;12;1148
REPORTE MKT;;Media;Femenino;Propia;Casado;Lejos;80600;0;Alto;24;2840
REPORTE MKT;;Media;Femenino;Alquilada;Soltero;Cerca;42700;0;Medio;12;827
REPORTE MKT;;Joven;Masculino;Alquilada;Soltero;Lejos;19000;0;NA;12;428
REPORTE MKT;;Joven;Femenino;Alquilada;Soltero;Cerca;14500;1;Bajo;6;183
REPORTE MKT;;Media;Femenino;Propia;Casado;Cerca;68200;1;NA;6;818
REPORTE MKT;;Joven;Masculino;Alquilada;Casado;Cerca;36700;0;Medio;12;731
REPORTE MKT;;Adulta;Masculino;Propia;Casado;Lejos;54600;0;Alto;24;2163
REPORTE MKT;;Media;Masculino;Propia;Casado;Cerca;65900;1;Medio;12;1081
REPORTE MKT;;Joven;Masculino;Propia;Soltero;Lejos;39600;0;NA;12;1085
REPORTE MKT;;Joven;Masculino;Alquilada;Casado;Lejos;67300;3;NA;6;1212
REPORTE MKT;;Media;Masculino;Propia;Soltero;Cerca;59700;1;NA;18;1422
REPORTE MKT;;Media;Femenino;Propia;Casado;Lejos;102800;2;Alto;18;2238
REPORTE MKT;;Media;Femenino;Alquilada;Soltero;Cerca;34700;0;NA;18;1615
REPORTE MKT;;Media;Masculino;Propia;Soltero;Cerca;50600;3;NA;6;713
REPORTE MKT;;Media;Masculino;Alquilada;Casado;Cerca;106700;2;Medio;6;607
REPORTE MKT;;Media;Masculino;Alquilada;Soltero;Cerca;53900;1;Medio;6;735
REPORTE MKT;;Joven;Femenino;Alquilada;Casado;Cerca;25500;2;Bajo;6;139
REPORTE MKT;;Joven;Masculino;Alquilada;Casado;Lejos;46300;1;Medio;18;1357
REPORTE MKT;;Adulta;Masculino;Propia;Casado;Cerca;55500;0;Medio;18;858
REPORTE MKT;;Joven;Femenino;Propia;Soltero;Cerca;27800;3;NA;12;408
REPORTE MKT;;Media;Masculino;Propia;Casado;Cerca;118600;1;NA;12;1553
REPORTE MKT;;Media;Femenino;Propia;Casado;Cerca;130700;3;NA;6;2070
REPORTE MKT;;Adulta;Masculino;Alquilada;Soltero;Cerca;42800;0;Medio;12;922
REPORTE MKT;;Media;Femenino;Propia;Casado;Lejos;118300;1;Alto;12;2502
REPORTE MKT;;Joven;Femenino;Alquilada;Soltero;Lejos;25600;2;NA;18;426
REPORTE MKT;;Media;Masculino;Alquilada;Casado;Cerca;63500;2;NA;24;2321
REPORTE MKT;;Adulta;Femenino;Propia;Soltero;Cerca;30900;0;Medio;18;862
REPORTE MKT;;Media;Masculino;Propia;Soltero;Cerca;55900;1;NA;24;2555
REPORTE MKT;;Media;Masculino;Propia;Soltero;Lejos;53900;0;NA;12;1186
REPORTE MKT;;Adulta;Masculino;Propia;Casado;Cerca;84300;0;Alto;24;2842
REPORTE MKT;;Adulta;Masculino;Propia;Soltero;Cerca;53400;1;Medio;12;886
REPORTE MKT;;Media;Masculino;Propia;Casado;Cerca;96900;1;Alto;12;1420
REPORTE MKT;;Media;Masculino;Alquilada;Soltero;Lejos;55800;1;NA;6;821
REPORTE MKT;;Joven;Femenino;Alquilada;Casado;Cerca;25900;1;Bajo;6;242
REPORTE MKT;;Joven;Femenino;Alquilada;Soltero;Cerca;22000;1;Bajo;12;472
REPORTE MKT;;Media;Femenino;Alquilada;Casado;Cerca;96700;2;Medio;12;1231
REPORTE MKT;;Media;Femenino;Alquilada;Soltero;Cerca;40200;1;NA;12;881
REPORTE MKT;;Adulta;Masculino;Propia;Casado;Cerca;26800;0;Bajo;12;435
REPORTE MKT;;Joven;Femenino;Alquilada;Soltero;Cerca;16700;2;Bajo;12;108
REPORTE MKT;;Joven;Femenino;Alquilada;Casado;Cerca;40900;2;Bajo;18;576
REPORTE MKT;;Joven;Masculino;Alquilada;Casado;Lejos;41500;3;NA;24;1314
REPORTE MKT;;Joven;Masculino;Alquilada;Soltero;Cerca;20900;0;NA;6;296
REPORTE MKT;;Joven;Femenino;Alquilada;Casado;Cerca;69700;2;Medio;6;584
REPORTE MKT;;Media;Masculino;Alquilada;Soltero;Cerca;61800;0;Alto;24;1156
REPORTE MKT;;Media;Masculino;Propia;Casado;Cerca;102500;1;Alto;24;2464
REPORTE MKT;;Media;Femenino;Propia;Casado;Cerca;48900;3;NA;18;915
REPORTE MKT;;Media;Masculino;Propia;Soltero;Cerca;60300;0;NA;24;2091
REPORTE MKT;;Joven;Masculino;Alquilada;Casado;Lejos;41600;0;Alto;24;1690
REPORTE MKT;;Media;Masculino;Propia;Soltero;Cerca;73700;1;Medio;12;1274
REPORTE MKT;;Joven;Femenino;Alquilada;Soltero;Cerca;27000;1;NA;24;1012
REPORTE MKT;;Media;Femenino;Alquilada;Soltero;Cerca;43700;0;Medio;12;950
REPORTE MKT;;Joven;Masculino;Alquilada;Soltero;Cerca;10200;2;NA;12;333
REPORTE MKT;;Media;Femenino;Propia;Casado;Cerca;63300;2;Medio;24;679
REPORTE MKT;;Joven;Femenino;Propia;Soltero;Lejos;33200;2;Medio;12;607
REPORTE MKT;;Adulta;Femenino;Propia;Casado;Lejos;78800;0;Alto;18;3398
REPORTE MKT;;Media;Masculino;Propia;Casado;Cerca;82500;0;Alto;6;859
REPORTE MKT;;Media;Masculino;Propia;Soltero;Lejos;80800;2;Alto;18;2444
REPORTE MKT;;Media;Masculino;Propia;Casado;Cerca;88100;2;Medio;24;1078
REPORTE MKT;;Media;Masculino;Alquilada;Casado;Lejos;124800;3;Alto;18;2537
REPORTE MKT;;Joven;Masculino;Propia;Soltero;Cerca;31900;0;Medio;6;616
REPORTE MKT;;Media;Femenino;Propia;Soltero;Cerca;53300;3;NA;6;508
REPORTE MKT;;Adulta;Masculino;Propia;Casado;Lejos;15400;0;Bajo;6;297
REPORTE MKT;;Media;Masculino;Propia;Casado;Cerca;70200;0;NA;6;1583
REPORTE MKT;;Joven;Femenino;Alquilada;Soltero;Cerca;23000;3;Bajo;6;79
REPORTE MKT;;Media;Femenino;Propia;Casado;Cerca;82400;2;Medio;18;657
REPORTE MKT;;Media;Femenino;Propia;Casado;Cerca;97900;0;Alto;24;2149
REPORTE MKT;;Adulta;Femenino;Alquilada;Casado;Lejos;88400;0;Alto;18;3632
REPORTE MKT;;Media;Femenino;Propia;Casado;Cerca;86900;0;Alto;18;2230
REPORTE MKT;;Media;Femenino;Propia;Soltero;Cerca;45100;1;Medio;12;448
REPORTE MKT;;Media;Masculino;Alquilada;Soltero;Cerca;41800;3;Bajo;24;301
REPORTE MKT;;Adulta;Masculino;Propia;Casado;Cerca;74800;0;Alto;18;1968
REPORTE MKT;;Media;Femenino;Alquilada;Casado;Cerca;73000;1;Medio;6;490
REPORTE MKT;;Media;Masculino;Propia;Casado;Cerca;118500;1;Alto;24;3063
REPORTE MKT;;Media;Masculino;Propia;Soltero;Cerca;65300;3;Bajo;6;193
REPORTE MKT;;Media;Femenino;Alquilada;Casado;Cerca;66300;2;Medio;12;544
REPORTE MKT;;Media;Masculino;Propia;Casado;Lejos;103900;1;Alto;24;2666
REPORTE MKT;;Media;Femenino;Propia;Casado;Cerca;71900;0;Alto;18;1846
REPORTE MKT;;Media;Masculino;Propia;Casado;Lejos;86100;1;NA;12;1255
REPORTE MKT;;Media;Masculino;Propia;Casado;Cerca;96300;1;Alto;12;1081
REPORTE MKT;;Joven;Femenino;Alquilada;Soltero;Cerca;10200;3;NA;6;199
REPORTE MKT;;Media;Masculino;Propia;Casado;Cerca;96300;2;NA;18;3916
REPORTE MKT;;Adulta;Femenino;Propia;Soltero;Lejos;24000;1;Bajo;6;357
REPORTE MKT;;Media;Femenino;Alquilada;Casado;Cerca;46700;0;Medio;24;983
REPORTE MKT;;Media;Femenino;Alquilada;Soltero;Cerca;53700;2;NA;12;1194
REPORTE MKT;;Media;Masculino;Alquilada;Casado;Cerca;108300;2;NA;12;2224
REPORTE MKT;;Joven;Femenino;Alquilada;Soltero;Cerca;12100;1;Bajo;6;90
REPORTE MKT;;Joven;Masculino;Alquilada;Casado;Cerca;36600;0;NA;6;587
REPORTE MKT;;Adulta;Masculino;Propia;Casado;Cerca;66300;0;Alto;12;1088
REPORTE MKT;;Joven;Femenino;Propia;Soltero;Cerca;33400;1;NA;6;617
REPORTE MKT;;Media;Masculino;Propia;Casado;Lejos;70000;1;NA;6;1227
REPORTE MKT;;Media;Femenino;Propia;Soltero;Cerca;47900;1;Medio;24;662
REPORTE MKT;;Media;Femenino;Alquilada;Casado;Cerca;40500;2;Bajo;18;622
REPORTE MKT;;Adulta;Masculino;Propia;Soltero;Cerca;69100;0;Alto;12;1477
REPORTE MKT;;Joven;Femenino;Alquilada;Soltero;Cerca;13300;1;NA;6;236
REPORTE MKT;;Media;Femenino;Alquilada;Casado;Lejos;75800;1;Alto;12;1830
REPORTE MKT;;Media;Femenino;Alquilada;Casado;Cerca;48600;0;Medio;24;1583
REPORTE MKT;;Adulta;Femenino;Propia;Soltero;Cerca;39600;0;Medio;12;610
REPORTE MKT;;Joven;Femenino;Alquilada;Soltero;Cerca;11700;0;Bajo;12;193
REPORTE MKT;;Joven;Masculino;Alquilada;Casado;Cerca;52600;1;Medio;12;1052
REPORTE MKT;;Joven;Masculino;Alquilada;Soltero;Cerca;14600;3;NA;6;307
REPORTE MKT;;Adulta;Masculino;Propia;Casado;Cerca;123000;0;Alto;24;3671
REPORTE MKT;;Adulta;Femenino;Alquilada;Casado;Lejos;64600;0;Alto;18;2206
REPORTE MKT;;Media;Femenino;Propia;Soltero;Lejos;34600;2;Medio;18;748
REPORTE MKT;;Media;Masculino;Propia;Casado;Cerca;74500;0;Alto;6;1481
REPORTE MKT;;Adulta;Masculino;Propia;Casado;Cerca;56600;0;NA;24;1607
REPORTE MKT;;Adulta;Femenino;Alquilada;Soltero;Cerca;37000;1;NA;6;632
REPORTE MKT;;Joven;Femenino;Alquilada;Soltero;Lejos;18400;1;Bajo;6;303
REPORTE MKT;;Joven;Masculino;Alquilada;Soltero;Cerca;25000;0;Bajo;6;264
REPORTE MKT;;Media;Masculino;Propia;Casado;Lejos;61400;1;Alto;24;1575
REPORTE MKT;;Media;Masculino;Propia;Casado;Cerca;76400;2;Medio;18;881
REPORTE MKT;;Joven;Masculino;Propia;Casado;Cerca;55100;0;Medio;18;1439
REPORTE MKT;;Adulta;Femenino;Propia;Casado;Lejos;22800;0;NA;12;452
REPORTE MKT;;Adulta;Femenino;Propia;Casado;Cerca;10100;1;Bajo;6;93
REPORTE MKT;;Joven;Masculino;Alquilada;Soltero;Cerca;17800;0;Bajo;18;292
REPORTE MKT;;Media;Femenino;Propia;Casado;Cerca;59100;1;NA;6;1426
REPORTE MKT;;Joven;Femenino;Alquilada;Soltero;Lejos;19700;2;Bajo;6;330
REPORTE MKT;;Media;Masculino;Propia;Casado;Lejos;73800;0;Alto;24;3120
REPORTE MKT;;Media;Masculino;Propia;Casado;Lejos;113300;1;Alto;18;5151
REPORTE MKT;;Media;Masculino;Propia;Casado;Lejos;118400;2;NA;12;3941
REPORTE MKT;;Media;Masculino;Propia;Casado;Cerca;92300;1;NA;24;2141
REPORTE MKT;;Joven;Masculino;Alquilada;Soltero;Cerca;11200;0;NA;6;106
REPORTE MKT;;Joven;Femenino;Alquilada;Casado;Lejos;30100;0;Medio;12;530
REPORTE MKT;;Media;Femenino;Propia;Soltero;Cerca;43500;1;Medio;12;500
REPORTE MKT;;Media;Masculino;Propia;Casado;Cerca;97500;0;Alto;18;2837
REPORTE MKT;;Adulta;Masculino;Propia;Casado;Cerca;54600;0;Medio;24;1246
REPORTE MKT;;Media;Masculino;Alquilada;Soltero;Lejos;42500;1;NA;6;798
REPORTE MKT;;Media;Masculino;Propia;Soltero;Cerca;82800;0;NA;6;1544
REPORTE MKT;;Adulta;Masculino;Propia;Casado;Lejos;62300;0;Alto;24;2644
REPORTE MKT;;Joven;Masculino;Alquilada;Soltero;Lejos;21900;2;NA;6;192
REPORTE MKT;;Media;Femenino;Alquilada;Soltero;Lejos;35600;3;Bajo;18;865
REPORTE MKT;;Media;Masculino;Propia;Casado;Cerca;96900;0;Alto;6;1159
REPORTE MKT;;Joven;Femenino;Alquilada;Casado;Cerca;36900;1;NA;18;1480
REPORTE MKT;;Media;Femenino;Alquilada;Casado;Cerca;93500;1;Alto;18;1426
REPORTE MKT;;Media;Masculino;Propia;Casado;Cerca;97300;1;NA;12;3048
REPORTE MKT;;Joven;Masculino;Alquilada;Soltero;Cerca;21900;0;Bajo;12;276
REPORTE MKT;;Media;Masculino;Alquilada;Soltero;Cerca;63000;0;Alto;24;1910
REPORTE MKT;;Joven;Femenino;Alquilada;Soltero;Cerca;11500;3;NA;6;157
REPORTE MKT;;Media;Masculino;Propia;Soltero;Cerca;44600;2;Bajo;6;236
REPORTE MKT;;Joven;Femenino;Alquilada;Soltero;Cerca;21900;1;NA;12;576
REPORTE MKT;;Media;Masculino;Alquilada;Soltero;Lejos;45100;1;Medio;12;794
REPORTE MKT;;Adulta;Femenino;Propia;Casado;Cerca;74900;0;Alto;12;1474
REPORTE MKT;;Joven;Masculino;Alquilada;Soltero;Cerca;14200;0;Bajo;6;250
REPORTE MKT;;Joven;Femenino;Alquilada;Soltero;Lejos;23200;2;NA;24;788
REPORTE MKT;;Adulta;Masculino;Propia;Casado;Cerca;73300;0;NA;12;1694
REPORTE MKT;;Adulta;Masculino;Propia;Casado;Lejos;41300;0;Alto;24;1985
REPORTE MKT;;Adulta;Femenino;Propia;Soltero;Lejos;32700;0;Medio;24;1252
REPORTE MKT;;Adulta;Femenino;Propia;Soltero;Cerca;35200;0;NA;12;827
REPORTE MKT;;Joven;Femenino;Alquilada;Soltero;Cerca;13100;0;NA;18;314
REPORTE MKT;;Media;Masculino;Propia;Casado;Cerca;97400;1;Alto;6;880
REPORTE MKT;;Joven;Femenino;Alquilada;Soltero;Lejos;23100;2;Bajo;6;466
REPORTE MKT;;Media;Masculino;Propia;Soltero;Cerca;49200;3;Bajo;12;210
REPORTE MKT;;Media;Masculino;Propia;Soltero;Lejos;45000;1;NA;18;902
REPORTE MKT;;Media;Masculino;Propia;Casado;Cerca;87200;0;Alto;18;1274
REPORTE MKT;;Media;Masculino;Propia;Soltero;Cerca;49900;1;NA;24;1631
REPORTE MKT;;Media;Masculino;Propia;Casado;Cerca;66900;0;Alto;12;1220
REPORTE MKT;;Media;Femenino;Propia;Soltero;Cerca;47600;1;Medio;12;801
REPORTE MKT;;Media;Femenino;Propia;Soltero;Cerca;47900;0;NA;12;1090
REPORTE MKT;;Media;Masculino;Propia;Soltero;Cerca;59400;0;Medio;18;1699
REPORTE MKT;;Media;Femenino;Alquilada;Soltero;Cerca;32700;2;Bajo;6;273
REPORTE MKT;;Media;Masculino;Alquilada;Soltero;Cerca;34200;1;Bajo;18;523
REPORTE MKT;;Media;Masculino;Propia;Casado;Cerca;96600;0;NA;12;1437
REPORTE MKT;;Media;Femenino;Propia;Casado;Cerca;126300;1;Alto;6;1888
REPORTE MKT;;Joven;Masculino;Alquilada;Soltero;Cerca;31600;1;NA;12;476
REPORTE MKT;;Media;Femenino;Propia;Casado;Lejos;108100;3;Alto;18;2632
REPORTE MKT;;Media;Femenino;Alquilada;Soltero;Cerca;43300;3;Bajo;24;326
REPORTE MKT;;Adulta;Femenino;Alquilada;Soltero;Lejos;17900;0;Bajo;6;446
REPORTE MKT;;Media;Masculino;Propia;Soltero;Lejos;50100;1;Alto;18;1071
REPORTE MKT;;Adulta;Femenino;Propia;Casado;Cerca;74700;0;Alto;12;1699
REPORTE MKT;;Adulta;Masculino;Alquilada;Casado;Cerca;60000;0;Medio;6;966
REPORTE MKT;;Joven;Masculino;Propia;Soltero;Cerca;33400;0;NA;12;567
REPORTE MKT;;Media;Femenino;Alquilada;Casado;Cerca;68800;0;NA;6;1658
REPORTE MKT;;Media;Femenino;Alquilada;Soltero;Cerca;25700;2;Bajo;6;173
REPORTE MKT;;Media;Masculino;Propia;Casado;Cerca;83700;0;Alto;24;3344
REPORTE MKT;;Media;Masculino;Alquilada;Soltero;Cerca;50500;0;Medio;12;1029
REPORTE MKT;;Joven;Femenino;Alquilada;Soltero;Cerca;17300;0;Bajo;12;345
REPORTE MKT;;Media;Masculino;Propia;Soltero;Cerca;45800;0;NA;6;712
REPORTE MKT;;Adulta;Masculino;Propia;Casado;Cerca;108900;0;Alto;12;1841
REPORTE MKT;;Media;Femenino;Alquilada;Casado;Cerca;60500;2;Bajo;6;409
REPORTE MKT;;Adulta;Femenino;Propia;Casado;Lejos;84100;0;Alto;18;2710
REPORTE MKT;;Joven;Masculino;Alquilada;Casado;Lejos;25100;0;Medio;12;592
REPORTE MKT;;Media;Masculino;Propia;Casado;Cerca;69900;1;NA;18;2101
REPORTE MKT;;Media;Masculino;Propia;Casado;Cerca;97100;0;NA;12;1473
REPORTE MKT;;Media;Femenino;Propia;Casado;Cerca;72200;2;Medio;18;715
REPORTE MKT;;Adulta;Femenino;Propia;Casado;Lejos;78900;0;Alto;18;2233
REPORTE MKT;;Media;Femenino;Propia;Soltero;Lejos;62500;3;NA;6;921
REPORTE MKT;;Joven;Femenino;Alquilada;Soltero;Cerca;17800;1;Bajo;6;216
REPORTE MKT;;Media;Femenino;Propia;Casado;Cerca;105500;1;Alto;6;1781
REPORTE MKT;;Media;Femenino;Propia;Soltero;Cerca;46100;2;Bajo;12;418
REPORTE MKT;;Joven;Masculino;Alquilada;Soltero;Cerca;27100;1;Bajo;12;268
REPORTE MKT;;Joven;Masculino;Alquilada;Casado;Lejos;60300;1;NA;6;1252
REPORTE MKT;;Joven;Femenino;Alquilada;Soltero;Cerca;12000;0;Bajo;6;140
REPORTE MKT;;Media;Femenino;Propia;Soltero;Cerca;48400;0;Medio;12;992
REPORTE MKT;;Media;Masculino;Alquilada;Soltero;Cerca;45600;0;Medio;18;1388
REPORTE MKT;;Media;Femenino;Propia;Soltero;Cerca;35200;2;Bajo;6;233
REPORTE MKT;;Media;Masculino;Alquilada;Soltero;Lejos;60200;0;Alto;24;2304
REPORTE MKT;;Media;Femenino;Alquilada;Casado;Lejos;53900;1;Alto;18;2177
REPORTE MKT;;Media;Masculino;Propia;Casado;Cerca;70400;2;NA;12;1127
REPORTE MKT;;Joven;Masculino;Alquilada;Casado;Cerca;36900;0;Medio;18;721
REPORTE MKT;;Adulta;Femenino;Propia;Soltero;Cerca;36100;0;Medio;12;438
REPORTE MKT;;Joven;Femenino;Alquilada;Soltero;Cerca;11000;2;NA;18;393
REPORTE MKT;;Media;Masculino;Propia;Soltero;Cerca;61600;0;NA;18;1666
REPORTE MKT;;Media;Masculino;Propia;Casado;Cerca;88700;1;NA;18;2448
REPORTE MKT;;Media;Femenino;Propia;Casado;Lejos;88600;1;Alto;18;2563
REPORTE MKT;;Media;Masculino;Alquilada;Casado;Cerca;79500;0;Alto;18;1763
REPORTE MKT;;Joven;Femenino;Alquilada;Soltero;Cerca;18900;1;Bajo;6;184
REPORTE MKT;;Adulta;Femenino;Propia;Soltero;Cerca;17300;0;Bajo;6;166
REPORTE MKT;;Media;Femenino;Alquilada;Casado;Cerca;81400;2;NA;6;1014
REPORTE MKT;;Joven;Masculino;Alquilada;Casado;Cerca;36500;0;Medio;24;1140
REPORTE MKT;;Media;Femenino;Propia;Soltero;Cerca;43300;1;NA;18;1021
REPORTE MKT;;Media;Masculino;Propia;Casado;Cerca;76700;1;Medio;24;1431
REPORTE MKT;;Media;Masculino;Propia;Casado;Lejos;123000;1;Alto;24;5878
REPORTE MKT;;Media;Masculino;Propia;Soltero;Cerca;56300;3;Bajo;6;321
REPORTE MKT;;Media;Masculino;Propia;Casado;Cerca;70000;0;Alto;24;1974
REPORTE MKT;;Media;Masculino;Propia;Soltero;Cerca;48100;0;Medio;18;1640
REPORTE MKT;;Joven;Femenino;Alquilada;Casado;Cerca;79400;0;NA;6;1175
REPORTE MKT;;Media;Femenino;Propia;Casado;Cerca;63700;3;Bajo;12;364
REPORTE MKT;;Joven;Masculino;Alquilada;Soltero;Cerca;21200;0;NA;12;417
REPORTE MKT;;Media;Masculino;Alquilada;Soltero;Cerca;53900;0;Medio;12;1060
REPORTE MKT;;Adulta;Femenino;Propia;Casado;Cerca;118800;0;Alto;18;2176
REPORTE MKT;;Media;Femenino;Propia;Casado;Cerca;79400;3;Bajo;6;200
REPORTE MKT;;Adulta;Femenino;Alquilada;Soltero;Lejos;20400;0;NA;24;513
REPORTE MKT;;Media;Masculino;Alquilada;Soltero;Cerca;52400;0;NA;18;857
REPORTE MKT;;Adulta;Femenino;Propia;Soltero;Cerca;17600;0;Bajo;6;224
REPORTE MKT;;Joven;Masculino;Alquilada;Soltero;Cerca;23500;0;Bajo;12;371
REPORTE MKT;;Joven;Masculino;Alquilada;Casado;Cerca;56900;2;Bajo;12;687
REPORTE MKT;;Media;Masculino;Propia;Casado;Cerca;95100;2;Medio;12;809
REPORTE MKT;;Media;Masculino;Propia;Casado;Cerca;119800;2;Medio;24;2090
REPORTE MKT;;Adulta;Masculino;Propia;Soltero;Cerca;58700;0;NA;24;1479
REPORTE MKT;;Media;Femenino;Propia;Casado;Cerca;76700;2;Medio;6;534
REPORTE MKT;;Media;Masculino;Propia;Casado;Cerca;67600;1;Medio;18;1172
REPORTE MKT;;Media;Masculino;Propia;Soltero;Cerca;61500;2;Medio;24;968
REPORTE MKT;;Adulta;Femenino;Propia;Casado;Cerca;72900;0;Alto;6;753
REPORTE MKT;;Adulta;Femenino;Alquilada;Soltero;Cerca;21200;0;Bajo;6;242
REPORTE MKT;;Adulta;Masculino;Alquilada;Soltero;Cerca;32400;1;Bajo;12;515
REPORTE MKT;;Media;Femenino;Propia;Casado;Cerca;62200;3;NA;24;2119
REPORTE MKT;;Adulta;Femenino;Propia;Soltero;Cerca;24400;0;Bajo;6;491
REPORTE MKT;;Media;Masculino;Propia;Casado;Cerca;66500;3;Bajo;12;286
REPORTE MKT;;Adulta;Femenino;Alquilada;Casado;Lejos;72200;0;Alto;24;3069
REPORTE MKT;;Joven;Femenino;Alquilada;Soltero;Cerca;16900;2;NA;6;281
REPORTE MKT;;Joven;Masculino;Alquilada;Casado;Cerca;56300;0;NA;24;1608
REPORTE MKT;;Adulta;Femenino;Propia;Soltero;Lejos;22000;0;Medio;12;736
REPORTE MKT;;Joven;Femenino;Alquilada;Soltero;Cerca;18800;2;Bajo;18;170
REPORTE MKT;;Joven;Femenino;Alquilada;Soltero;Cerca;26600;2;Bajo;24;245
REPORTE MKT;;Media;Femenino;Alquilada;Casado;Cerca;72100;0;Alto;24;3052
REPORTE MKT;;Media;Masculino;Propia;Soltero;Lejos;55600;0;Alto;18;1786
REPORTE MKT;;Joven;Femenino;Alquilada;Soltero;Cerca;14600;3;Bajo;6;47
REPORTE MKT;;Adulta;Masculino;Propia;Casado;Cerca;45900;0;Medio;24;1645
REPORTE MKT;;Joven;Femenino;Propia;Soltero;Cerca;15100;0;Bajo;6;274
REPORTE MKT;;Media;Masculino;Propia;Casado;Cerca;140700;3;Medio;12;1001
REPORTE MKT;;Media;Masculino;Propia;Casado;Cerca;90300;0;Alto;24;1944
REPORTE MKT;;Adulta;Masculino;Propia;Casado;Cerca;95900;0;Alto;24;2585
REPORTE MKT;;Joven;Masculino;Alquilada;Soltero;Lejos;20800;0;NA;6;260
REPORTE MKT;;Media;Masculino;Propia;Casado;Cerca;98400;0;Alto;12;1414
REPORTE MKT;;Joven;Femenino;Alquilada;Soltero;Cerca;15000;2;NA;12;341
REPORTE MKT;;Joven;Masculino;Alquilada;Soltero;Cerca;17700;1;Bajo;12;268
REPORTE MKT;;Media;Masculino;Propia;Casado;Cerca;102400;1;Alto;18;1237
REPORTE MKT;;Joven;Masculino;Alquilada;Soltero;Lejos;17800;1;NA;18;589
REPORTE MKT;;Joven;Masculino;Alquilada;Soltero;Lejos;13800;1;Bajo;12;368
REPORTE MKT;;Media;Femenino;Alquilada;Soltero;Cerca;50500;1;Medio;12;940
REPORTE MKT;;Media;Femenino;Alquilada;Soltero;Cerca;42000;3;Bajo;18;232
REPORTE MKT;;Media;Masculino;Propia;Casado;Cerca;95800;3;Bajo;12;678
REPORTE MKT;;Joven;Masculino;Alquilada;Soltero;Cerca;15200;0;NA;12;324
REPORTE MKT;;Joven;Masculino;Alquilada;Soltero;Cerca;15800;2;Bajo;12;147
REPORTE MKT;;Adulta;Masculino;Propia;Soltero;Cerca;51400;0;NA;6;694
REPORTE MKT;;Adulta;Femenino;Alquilada;Casado;Cerca;38200;0;Medio;6;526
REPORTE MKT;;Media;Femenino;Alquilada;Soltero;Cerca;39900;1;Bajo;12;586
REPORTE MKT;;Joven;Femenino;Propia;Soltero;Cerca;21600;2;NA;12;491
REPORTE MKT;;Adulta;Femenino;Propia;Casado;Cerca;65900;0;Alto;24;1436
REPORTE MKT;;Media;Femenino;Propia;Casado;Cerca;97500;1;Alto;12;1280
REPORTE MKT;;Media;Masculino;Alquilada;Casado;Lejos;63000;0;Alto;18;2107
REPORTE MKT;;Joven;Femenino;Propia;Soltero;Lejos;31900;0;NA;12;860
REPORTE MKT;;Media;Femenino;Alquilada;Soltero;Lejos;45500;1;NA;18;1624
REPORTE MKT;;Adulta;Femenino;Propia;Soltero;Cerca;12800;0;NA;12;230
REPORTE MKT;;Adulta;Femenino;Propia;Casado;Lejos;12600;2;Bajo;12;164
REPORTE MKT;;Media;Masculino;Alquilada;Soltero;Cerca;50700;3;Bajo;6;157
REPORTE MKT;;Joven;Femenino;Alquilada;Soltero;Cerca;17900;3;Bajo;6;62
REPORTE MKT;;Joven;Femenino;Alquilada;Soltero;Cerca;14400;1;Bajo;18;223
REPORTE MKT;;Adulta;Femenino;Propia;Soltero;Cerca;23800;0;Bajo;6;438
REPORTE MKT;;Media;Masculino;Propia;Casado;Cerca;84700;3;NA;24;2705
REPORTE MKT;;Media;Femenino;Alquilada;Soltero;Cerca;36900;1;Bajo;6;371
REPORTE MKT;;Adulta;Femenino;Propia;Soltero;Cerca;20600;0;Bajo;6;201
REPORTE MKT;;Joven;Masculino;Alquilada;Casado;Cerca;41500;0;NA;24;1213
REPORTE MKT;;Media;Masculino;Propia;Casado;Cerca;83100;2;Medio;6;586
REPORTE MKT;;Media;Masculino;Propia;Casado;Lejos;88700;2;Alto;24;2693
REPORTE MKT;;Adulta;Femenino;Propia;Casado;Cerca;54700;0;Medio;24;1404
REPORTE MKT;;Media;Masculino;Propia;Soltero;Cerca;68900;2;NA;18;2784
REPORTE MKT;;Joven;Femenino;Alquilada;Soltero;Cerca;22200;2;Bajo;18;275
REPORTE MKT;;Media;Femenino;Propia;Casado;Cerca;70900;1;Medio;12;794
REPORTE MKT;;Media;Masculino;Propia;Soltero;Cerca;55900;0;Medio;12;964
REPORTE MKT;;Media;Femenino;Propia;Casado;Cerca;80800;1;NA;18;1598
REPORTE MKT;;Media;Masculino;Propia;Casado;Lejos;100600;3;Alto;24;2838
REPORTE MKT;;Adulta;Femenino;Propia;Soltero;Cerca;39900;0;NA;6;619
REPORTE MKT;;Joven;Femenino;Alquilada;Casado;Cerca;71200;3;Bajo;12;392
REPORTE MKT;;Adulta;Femenino;Propia;Casado;Cerca;61000;0;NA;18;1850
REPORTE MKT;;Adulta;Masculino;Propia;Soltero;Cerca;38700;0;NA;24;1506
REPORTE MKT;;Media;Masculino;Propia;Casado;Lejos;98900;0;NA;18;3126
REPORTE MKT;;Media;Masculino;Propia;Soltero;Cerca;64300;0;NA;6;1325
REPORTE MKT;;Media;Femenino;Propia;Casado;Cerca;75600;0;NA;12;1541
REPORTE MKT;;Joven;Femenino;Alquilada;Casado;Lejos;53700;0;Alto;24;2491
REPORTE MKT;;Media;Masculino;Propia;Soltero;Cerca;66600;0;Alto;18;1177
REPORTE MKT;;Adulta;Femenino;Propia;Casado;Cerca;89000;0;Alto;12;1487
REPORTE MKT;;Joven;Femenino;Alquilada;Soltero;Lejos;18200;2;Bajo;12;322
REPORTE MKT;;Joven;Femenino;Alquilada;Casado;Cerca;73600;1;Medio;6;647
REPORTE MKT;;Media;Femenino;Alquilada;Soltero;Lejos;45600;0;Alto;12;1322
REPORTE MKT;;Joven;Masculino;Propia;Casado;Cerca;73000;0;NA;6;1534
REPORTE MKT;;Joven;Masculino;Propia;Soltero;Cerca;29600;3;NA;12;583
REPORTE MKT;;Media;Masculino;Alquilada;Casado;Cerca;92900;1;NA;6;1705
REPORTE MKT;;Adulta;Femenino;Alquilada;Soltero;Lejos;13900;0;Bajo;6;191
REPORTE MKT;;Joven;Masculino;Alquilada;Casado;Cerca;64300;3;Bajo;6;239
REPORTE MKT;;Media;Masculino;Propia;Casado;Cerca;77100;2;Medio;6;568
REPORTE MKT;;Joven;Femenino;Propia;Soltero;Cerca;27500;3;NA;12;571
REPORTE MKT;;Adulta;Masculino;Alquilada;Casado;Cerca;81800;0;Alto;6;919
REPORTE MKT;;Adulta;Femenino;Alquilada;Casado;Cerca;41700;0;Medio;18;1398
REPORTE MKT;;Adulta;Femenino;Propia;Casado;Cerca;51000;0;Medio;12;1025
REPORTE MKT;;Media;Masculino;Alquilada;Soltero;Cerca;55900;1;Medio;12;909
REPORTE MKT;;Joven;Masculino;Alquilada;Soltero;Cerca;19800;2;Bajo;12;209
REPORTE MKT;;Joven;Masculino;Alquilada;Soltero;Cerca;17600;0;NA;6;245
REPORTE MKT;;Media;Masculino;Alquilada;Casado;Lejos;84100;1;Alto;24;2362
REPORTE MKT;;Media;Masculino;Propia;Casado;Cerca;85600;0;Alto;24;3380
REPORTE MKT;;Joven;Masculino;Alquilada;Soltero;Cerca;13400;0;Bajo;18;424
REPORTE MKT;;Joven;Femenino;Alquilada;Casado;Lejos;47200;1;Medio;12;1272
REPORTE MKT;;Media;Masculino;Propia;Casado;Cerca;96300;1;Alto;24;1909
REPORTE MKT;;Media;Masculino;Propia;Casado;Cerca;60500;3;Bajo;12;340
REPORTE MKT;;Media;Femenino;Propia;Soltero;Cerca;35800;1;NA;24;1355
REPORTE MKT;;Media;Masculino;Alquilada;Casado;Cerca;106100;3;Bajo;12;472
REPORTE MKT;;Joven;Masculino;Alquilada;Soltero;Cerca;18000;0;Bajo;12;303
REPORTE MKT;;Media;Masculino;Alquilada;Soltero;Lejos;50000;1;NA;6;1079
REPORTE MKT;;Adulta;Femenino;Propia;Soltero;Cerca;58200;0;Medio;18;981
REPORTE MKT;;Joven;Femenino;Alquilada;Soltero;Lejos;13500;2;Bajo;12;160
REPORTE MKT;;Media;Femenino;Propia;Casado;Cerca;59900;1;NA;6;613
REPORTE MKT;;Joven;Femenino;Alquilada;Soltero;Lejos;18400;1;Bajo;12;662
REPORTE MKT;;Media;Masculino;Alquilada;Casado;Cerca;62800;3;Bajo;6;177
REPORTE MKT;;Media;Masculino;Alquilada;Soltero;Cerca;70000;0;Alto;6;785
REPORTE MKT;;Joven;Femenino;Alquilada;Soltero;Lejos;13600;1;NA;18;349
REPORTE MKT;;Media;Femenino;Alquilada;Casado;Cerca;97400;3;Bajo;6;213
REPORTE MKT;;Adulta;Femenino;Propia;Casado;Lejos;37500;0;Medio;18;1578
REPORTE MKT;;Adulta;Femenino;Propia;Soltero;Cerca;22800;0;Bajo;6;258
REPORTE MKT;;Joven;Femenino;Alquilada;Soltero;Cerca;14200;0;NA;6;192
REPORTE MKT;;Joven;Masculino;Alquilada;Soltero;Cerca;18700;0;Bajo;12;289
REPORTE MKT;;Media;Masculino;Propia;Casado;Cerca;107400;1;Alto;24;1821
REPORTE MKT;;Joven;Femenino;Alquilada;Soltero;Lejos;28900;0;Medio;24;905
REPORTE MKT;;Media;Masculino;Alquilada;Casado;Cerca;38400;2;Bajo;6;188
REPORTE MKT;;Media;Masculino;Alquilada;Soltero;Cerca;54200;0;NA;18;1405
REPORTE MKT;;Adulta;Masculino;Propia;Casado;Cerca;102700;0;NA;18;2381
REPORTE MKT;;Joven;Femenino;Alquilada;Soltero;Cerca;13300;1;Bajo;6;184
REPORTE MKT;;Media;Masculino;Propia;Soltero;Cerca;60200;3;NA;12;1364
REPORTE MKT;;Joven;Masculino;Alquilada;Soltero;Cerca;21400;0;NA;12;414
REPORTE MKT;;Joven;Femenino;Alquilada;Soltero;Cerca;21700;2;NA;6;387
REPORTE MKT;;Joven;Masculino;Alquilada;Soltero;Cerca;23200;1;Bajo;24;504
REPORTE MKT;;Media;Masculino;Propia;Casado;Cerca;64800;2;Medio;12;574
REPORTE MKT;;Media;Masculino;Alquilada;Soltero;Cerca;55600;0;Medio;6;984
REPORTE MKT;;Media;Masculino;Propia;Casado;Lejos;89500;0;Alto;24;5209
REPORTE MKT;;Joven;Femenino;Alquilada;Soltero;Lejos;12500;1;NA;12;422
REPORTE MKT;;Media;Masculino;Propia;Casado;Cerca;87000;0;Alto;24;1594
REPORTE MKT;;Media;Femenino;Alquilada;Soltero;Lejos;31200;3;NA;24;1087
REPORTE MKT;;Joven;Femenino;Alquilada;Soltero;Cerca;13700;1;NA;6;163
REPORTE MKT;;Media;Masculino;Propia;Soltero;Cerca;55500;3;Bajo;18;427
REPORTE MKT;;Media;Femenino;Alquilada;Soltero;Cerca;58600;1;Medio;6;624
REPORTE MKT;;Joven;Femenino;Propia;Casado;Lejos;55900;1;NA;6;788
REPORTE MKT;;Joven;Femenino;Alquilada;Soltero;Lejos;13700;2;NA;24;414
REPORTE MKT;;Adulta;Femenino;Propia;Casado;Lejos;81400;0;Alto;24;3001
REPORTE MKT;;Adulta;Femenino;Propia;Casado;Cerca;90500;0;Alto;6;863
REPORTE MKT;;Media;Femenino;Propia;Casado;Cerca;82200;1;NA;12;1517
REPORTE MKT;;Media;Masculino;Propia;Casado;Lejos;65400;3;NA;6;836
REPORTE MKT;;Media;Masculino;Propia;Soltero;Cerca;74400;0;Alto;12;1152
REPORTE MKT;;Joven;Masculino;Alquilada;Casado;Lejos;63300;3;NA;6;1408
REPORTE MKT;;Joven;Masculino;Alquilada;Casado;Lejos;51600;0;NA;12;1082
REPORTE MKT;;Joven;Masculino;Alquilada;Casado;Lejos;55000;0;NA;12;1162
REPORTE MKT;;Media;Femenino;Propia;Soltero;Cerca;43900;2;Bajo;6;358
REPORTE MKT;;Joven;Femenino;Propia;Soltero;Cerca;20300;1;Bajo;12;304
REPORTE MKT;;Joven;Femenino;Propia;Soltero;Lejos;16300;0;NA;12;360
REPORTE MKT;;Media;Masculino;Propia;Casado;Cerca;97600;2;Medio;12;1162
REPORTE MKT;;Adulta;Femenino;Alquilada;Soltero;Lejos;15100;0;Bajo;6;348
REPORTE MKT;;Joven;Femenino;Alquilada;Soltero;Cerca;12500;3;NA;12;206
REPORTE MKT;;Joven;Femenino;Alquilada;Soltero;Cerca;10600;2;Bajo;12;114
REPORTE MKT;;Media;Femenino;Propia;Soltero;Cerca;41300;1;NA;18;932
REPORTE MKT;;Joven;Femenino;Propia;Soltero;Cerca;27200;2;Bajo;18;446
REPORTE MKT;;Media;Masculino;Propia;Casado;Cerca;102400;1;NA;12;2466
REPORTE MKT;;Joven;Femenino;Propia;Soltero;Lejos;27900;1;NA;12;576
REPORTE MKT;;Adulta;Masculino;Alquilada;Casado;Lejos;23800;0;NA;12;428
REPORTE MKT;;Media;Masculino;Propia;Casado;Cerca;100000;1;Alto;24;2247
REPORTE MKT;;Media;Femenino;Alquilada;Casado;Lejos;43300;3;Medio;24;716
REPORTE MKT;;Media;Masculino;Propia;Casado;Cerca;65800;1;NA;12;1017
REPORTE MKT;;Media;Femenino;Propia;Casado;Cerca;49700;2;Bajo;18;613
REPORTE MKT;;Media;Femenino;Alquilada;Casado;Cerca;82300;2;Medio;12;580
REPORTE MKT;;Media;Masculino;Alquilada;Soltero;Cerca;41200;0;Medio;12;841
REPORTE MKT;;Joven;Masculino;Alquilada;Soltero;Cerca;29200;0;Bajo;18;737
REPORTE MKT;;Media;Femenino;Propia;Soltero;Cerca;51900;2;NA;12;1162
REPORTE MKT;;Media;Femenino;Propia;Casado;Cerca;85500;2;Medio;18;895
REPORTE MKT;;Joven;Femenino;Alquilada;Soltero;Lejos;12400;3;Bajo;18;205
REPORTE MKT;;Media;Femenino;Propia;Casado;Cerca;111900;1;NA;12;2340
REPORTE MKT;;Media;Femenino;Alquilada;Soltero;Cerca;40400;1;Bajo;24;630
REPORTE MKT;;Joven;Masculino;Alquilada;Soltero;Lejos;10900;0;Bajo;24;407
REPORTE MKT;;Media;Masculino;Propia;Casado;Cerca;82400;3;NA;18;2122
REPORTE MKT;;Joven;Femenino;Alquilada;Soltero;Cerca;13200;1;Bajo;12;227
REPORTE MKT;;Media;Masculino;Alquilada;Soltero;Cerca;57800;0;Medio;24;1149
REPORTE MKT;;Adulta;Femenino;Propia;Casado;Cerca;52200;1;Medio;12;669
REPORTE MKT;;Media;Masculino;Alquilada;Casado;Lejos;64600;2;NA;24;2935
REPORTE MKT;;Media;Femenino;Propia;Soltero;Cerca;43100;0;NA;24;1444
REPORTE MKT;;Adulta;Femenino;Propia;Casado;Lejos;40100;0;Medio;12;1384
REPORTE MKT;;Adulta;Masculino;Propia;Casado;Cerca;84500;0;NA;12;1557
REPORTE MKT;;Adulta;Masculino;Alquilada;Casado;Cerca;34500;0;Medio;12;802
REPORTE MKT;;Joven;Femenino;Alquilada;Casado;Cerca;61000;1;NA;18;1611
REPORTE MKT;;Adulta;Femenino;Propia;Casado;Lejos;79300;0;NA;12;2047
REPORTE MKT;;Media;Masculino;Alquilada;Soltero;Cerca;44500;0;Medio;24;1175
REPORTE MKT;;Joven;Masculino;Alquilada;Casado;Cerca;39700;0;Medio;18;1011
REPORTE MKT;;Adulta;Femenino;Propia;Soltero;Cerca;30300;0;Bajo;18;1062
REPORTE MKT;;Joven;Femenino;Alquilada;Soltero;Cerca;20100;1;Bajo;12;271
REPORTE MKT;;Adulta;Masculino;Propia;Casado;Lejos;86500;0;Alto;24;2690
REPORTE MKT;;Adulta;Femenino;Alquilada;Soltero;Cerca;42500;0;Medio;24;918
REPORTE MKT;;Media;Masculino;Propia;Casado;Cerca;102300;0;Alto;24;2438
REPORTE MKT;;Media;Femenino;Propia;Soltero;Lejos;52600;2;Medio;12;1307
REPORTE MKT;;Media;Femenino;Alquilada;Soltero;Lejos;37800;2;NA;12;1185
REPORTE MKT;;Joven;Femenino;Alquilada;Soltero;Cerca;20300;2;Bajo;12;180
REPORTE MKT;;Media;Masculino;Propia;Casado;Cerca;71600;1;NA;12;1198
REPORTE MKT;;Joven;Masculino;Alquilada;Casado;Cerca;54500;1;Medio;18;1001
REPORTE MKT;;Media;Masculino;Alquilada;Soltero;Cerca;54700;0;Medio;24;1355
REPORTE MKT;;Media;Masculino;Alquilada;Soltero;Lejos;58600;2;NA;6;989
REPORTE MKT;;Media;Masculino;Alquilada;Soltero;Lejos;53800;0;Alto;12;1803
REPORTE MKT;;Media;Femenino;Propia;Casado;Cerca;131500;3;NA;6;2840
REPORTE MKT;;Media;Masculino;Alquilada;Soltero;Lejos;52200;0;Alto;24;1909
REPORTE MKT;;Joven;Masculino;Alquilada;Casado;Cerca;37200;1;Bajo;6;247
REPORTE MKT;;Joven;Masculino;Alquilada;Soltero;Lejos;22900;1;NA;12;814
REPORTE MKT;;Joven;Masculino;Alquilada;Casado;Cerca;55500;3;Bajo;12;216
REPORTE MKT;;Joven;Femenino;Alquilada;Soltero;Lejos;12800;1;NA;24;365
REPORTE MKT;;Joven;Femenino;Alquilada;Soltero;Cerca;17600;2;Bajo;18;163
REPORTE MKT;;Adulta;Femenino;Propia;Soltero;Lejos;28300;0;Medio;24;933
REPORTE MKT;;Adulta;Masculino;Propia;Soltero;Cerca;41900;0;Medio;6;654
REPORTE MKT;;Joven;Femenino;Alquilada;Soltero;Cerca;14100;3;NA;6;153
REPORTE MKT;;Media;Masculino;Alquilada;Soltero;Cerca;52100;0;NA;12;1668
REPORTE MKT;;Media;Masculino;Alquilada;Soltero;Lejos;38700;1;Medio;18;1009
REPORTE MKT;;Media;Femenino;Alquilada;Soltero;Lejos;44100;1;Medio;18;1659
REPORTE MKT;;Media;Masculino;Propia;Casado;Lejos;79200;1;Alto;6;1905
REPORTE MKT;;Joven;Femenino;Alquilada;Soltero;Cerca;22600;3;NA;6;521
REPORTE MKT;;Media;Masculino;Alquilada;Soltero;Cerca;55100;2;NA;6;826
REPORTE MKT;;Adulta;Femenino;Propia;Casado;Lejos;70400;0;Alto;18;2610
REPORTE MKT;;Media;Masculino;Propia;Casado;Cerca;107300;2;Medio;24;1194
REPORTE MKT;;Media;Femenino;Alquilada;Casado;Cerca;66500;1;NA;24;1181
REPORTE MKT;;Joven;Masculino;Alquilada;Soltero;Cerca;10200;0;NA;24;362
REPORTE MKT;;Joven;Femenino;Propia;Soltero;Lejos;41000;1;Medio;12;768
REPORTE MKT;;Media;Femenino;Alquilada;Soltero;Cerca;26200;1;Bajo;12;381
REPORTE MKT;;Media;Masculino;Alquilada;Casado;Lejos;72200;3;Medio;18;1811
REPORTE MKT;;Media;Masculino;Alquilada;Soltero;Lejos;36700;1;Medio;24;1218
REPORTE MKT;;Adulta;Masculino;Propia;Casado;Lejos;74500;0;NA;18;1413
REPORTE MKT;;Media;Femenino;Propia;Soltero;Cerca;60200;1;NA;12;1748
REPORTE MKT;;Adulta;Masculino;Alquilada;Soltero;Cerca;34500;0;Medio;24;639
REPORTE MKT;;Adulta;Femenino;Propia;Casado;Cerca;83700;0;Alto;18;1582
REPORTE MKT;;Joven;Masculino;Alquilada;Soltero;Lejos;14800;1;NA;12;376
REPORTE MKT;;Media;Masculino;Propia;Casado;Cerca;106400;0;NA;12;1757
REPORTE MKT;;Joven;Femenino;Alquilada;Casado;Cerca;42000;3;Bajo;6;105
REPORTE MKT;;Media;Masculino;Alquilada;Casado;Cerca;118800;0;Alto;12;2631
REPORTE MKT;;Joven;Femenino;Propia;Soltero;Lejos;21900;2;Bajo;24;486
REPORTE MKT;;Media;Masculino;Alquilada;Soltero;Cerca;39500;1;NA;6;412
REPORTE MKT;;Media;Masculino;Alquilada;Soltero;Cerca;45900;0;Medio;12;716
REPORTE MKT;;Joven;Femenino;Alquilada;Casado;Cerca;37100;2;Bajo;24;653
REPORTE MKT;;Media;Femenino;Alquilada;Soltero;Cerca;28200;1;Bajo;6;224
REPORTE MKT;;Media;Masculino;Alquilada;Casado;Cerca;74600;2;Medio;18;705
REPORTE MKT;;Media;Masculino;Propia;Casado;Cerca;122700;1;NA;18;4984
REPORTE MKT;;Joven;Femenino;Alquilada;Soltero;Cerca;14200;2;Bajo;18;197
REPORTE MKT;;Media;Masculino;Propia;Casado;Lejos;75500;0;NA;18;2450
REPORTE MKT;;Media;Masculino;Propia;Soltero;Cerca;62900;0;NA;24;2561
REPORTE MKT;;Joven;Masculino;Alquilada;Soltero;Lejos;19400;0;Bajo;6;563
REPORTE MKT;;Media;Femenino;Alquilada;Soltero;Cerca;46600;0;NA;12;546
REPORTE MKT;;Media;Masculino;Propia;Casado;Lejos;79700;1;Alto;24;3384
REPORTE MKT;;Media;Masculino;Propia;Soltero;Cerca;45900;2;Bajo;12;416
REPORTE MKT;;Adulta;Femenino;Propia;Casado;Cerca;42800;0;Medio;6;685
REPORTE MKT;;Adulta;Masculino;Propia;Casado;Lejos;65500;0;Alto;24;1931
REPORTE MKT;;Adulta;Femenino;Alquilada;Soltero;Cerca;33600;0;Medio;12;573
REPORTE MKT;;Media;Femenino;Propia;Soltero;Lejos;55600;1;Alto;18;1553
REPORTE MKT;;Joven;Femenino;Alquilada;Soltero;Cerca;24000;2;NA;6;362
REPORTE MKT;;Joven;Masculino;Alquilada;Soltero;Lejos;25700;0;Medio;18;907
REPORTE MKT;;Adulta;Femenino;Propia;Casado;Cerca;21500;0;Bajo;18;445
REPORTE MKT;;Adulta;Femenino;Alquilada;Casado;Cerca;68600;0;Alto;18;1342
REPORTE MKT;;Joven;Femenino;Alquilada;Soltero;Lejos;23100;2;Bajo;12;457
REPORTE MKT;;Media;Femenino;Alquilada;Casado;Cerca;53300;0;Medio;24;1598
REPORTE MKT;;Adulta;Femenino;Propia;Casado;Cerca;112800;0;Alto;12;1861
REPORTE MKT;;Adulta;Masculino;Propia;Casado;Cerca;124900;0;Alto;18;4109
REPORTE MKT;;Media;Femenino;Propia;Soltero;Cerca;72200;0;NA;18;3278
REPORTE MKT;;Media;Masculino;Alquilada;Soltero;Cerca;35100;1;Bajo;6;421
REPORTE MKT;;Adulta;Femenino;Alquilada;Soltero;Cerca;14900;0;NA;12;275
REPORTE MKT;;Media;Masculino;Alquilada;Soltero;Cerca;72000;0;Alto;12;1475
REPORTE MKT;;Media;Masculino;Propia;Casado;Cerca;82400;0;Alto;18;1779
REPORTE MKT;;Joven;Masculino;Alquilada;Casado;Cerca;41600;3;NA;24;1634
REPORTE MKT;;Media;Femenino;Propia;Casado;Cerca;68500;2;NA;12;1500
REPORTE MKT;;Joven;Masculino;Propia;Casado;Cerca;62200;0;Alto;24;1348
REPORTE MKT;;Adulta;Femenino;Propia;Soltero;Cerca;35900;0;NA;12;962
REPORTE MKT;;Joven;Masculino;Alquilada;Soltero;Cerca;14100;0;Bajo;12;328
REPORTE MKT;;Joven;Femenino;Alquilada;Casado;Cerca;36500;1;NA;18;747
REPORTE MKT;;Media;Femenino;Propia;Casado;Cerca;86400;1;Alto;12;1713
REPORTE MKT;;Adulta;Femenino;Alquilada;Casado;Cerca;39500;0;Medio;12;1006
REPORTE MKT;;Adulta;Masculino;Propia;Casado;Cerca;85300;0;NA;12;2523
REPORTE MKT;;Adulta;Femenino;Propia;Casado;Cerca;110700;0;Alto;12;2458
REPORTE MKT;;Joven;Masculino;Alquilada;Soltero;Lejos;17700;0;Bajo;18;742
REPORTE MKT;;Joven;Femenino;Alquilada;Casado;Lejos;33200;1;NA;24;1639
REPORTE MKT;;Media;Femenino;Propia;Soltero;Cerca;53800;0;Medio;12;843
REPORTE MKT;;Adulta;Masculino;Alquilada;Soltero;Cerca;44400;0;Medio;18;886
REPORTE MKT;;Media;Femenino;Alquilada;Casado;Cerca;135700;1;Alto;24;2746
REPORTE MKT;;Joven;Femenino;Alquilada;Soltero;Lejos;20700;1;Bajo;12;550
REPORTE MKT;;Media;Masculino;Alquilada;Casado;Lejos;83500;2;Alto;24;2098
REPORTE MKT;;Media;Femenino;Alquilada;Casado;Cerca;84200;2;Medio;24;954
REPORTE MKT;;Media;Femenino;Alquilada;Casado;Cerca;79900;1;Medio;12;1041
REPORTE MKT;;Adulta;Femenino;Alquilada;Soltero;Lejos;19700;0;Bajo;6;535
REPORTE MKT;;Media;Femenino;Alquilada;Soltero;Cerca;35300;0;NA;18;1369
REPORTE MKT;;Adulta;Masculino;Propia;Casado;Lejos;52000;0;Alto;18;2545
REPORTE MKT;;Joven;Masculino;Alquilada;Soltero;Cerca;21300;1;NA;12;329
REPORTE MKT;;Media;Masculino;Propia;Soltero;Cerca;63700;0;NA;6;1351
REPORTE MKT;;Adulta;Femenino;Propia;Casado;Cerca;25900;0;Bajo;18;582
REPORTE MKT;;Media;Masculino;Alquilada;Casado;Cerca;65800;2;Medio;18;578
REPORTE MKT;;Adulta;Femenino;Alquilada;Soltero;Cerca;11000;0;NA;24;195
REPORTE MKT;;Adulta;Femenino;Alquilada;Casado;Cerca;65900;0;Alto;12;777
REPORTE MKT;;Media;Femenino;Propia;Casado;Cerca;108100;1;Alto;12;1133
REPORTE MKT;;Media;Masculino;Propia;Casado;Cerca;107300;2;Medio;18;1566
REPORTE MKT;;Media;Femenino;Alquilada;Casado;Cerca;79500;0;Alto;12;1651
REPORTE MKT;;Media;Femenino;Alquilada;Casado;Cerca;95900;0;NA;24;3168
REPORTE MKT;;Media;Masculino;Alquilada;Soltero;Cerca;45200;1;Medio;18;699
REPORTE MKT;;Media;Masculino;Propia;Casado;Cerca;98500;0;Alto;18;2034
REPORTE MKT;;Adulta;Femenino;Propia;Casado;Cerca;96200;0;Alto;12;1457
REPORTE MKT;;Joven;Masculino;Alquilada;Soltero;Cerca;17900;0;NA;18;395
REPORTE MKT;;Media;Masculino;Propia;Casado;Cerca;42700;0;Medio;6;541
REPORTE MKT;;Media;Masculino;Propia;Soltero;Lejos;49700;0;Alto;24;2844
REPORTE MKT;;Media;Femenino;Alquilada;Soltero;Cerca;43000;3;Bajo;24;225
REPORTE MKT;;Joven;Femenino;Alquilada;Soltero;Cerca;15500;1;Bajo;6;210
REPORTE MKT;;Joven;Masculino;Alquilada;Soltero;Cerca;13000;3;Bajo;6;43
REPORTE MKT;;Media;Femenino;Alquilada;Soltero;Cerca;27200;3;Bajo;24;243
REPORTE MKT;;Adulta;Femenino;Propia;Casado;Cerca;26700;0;Bajo;24;1120
REPORTE MKT;;Adulta;Masculino;Propia;Soltero;Lejos;61000;0;Alto;6;975
REPORTE MKT;;Media;Femenino;Propia;Casado;Cerca;76600;3;NA;24;2904
REPORTE MKT;;Media;Masculino;Propia;Casado;Cerca;117500;2;Medio;12;927
REPORTE MKT;;Adulta;Masculino;Propia;Casado;Cerca;90600;0;Alto;24;3167
REPORTE MKT;;Joven;Femenino;Alquilada;Soltero;Lejos;12600;0;Bajo;6;241
REPORTE MKT;;Adulta;Femenino;Propia;Soltero;Cerca;12700;2;Bajo;6;65
REPORTE MKT;;Media;Femenino;Propia;Casado;Lejos;77600;3;Medio;12;858
REPORTE MKT;;Media;Femenino;Alquilada;Casado;Lejos;92400;1;NA;6;2191
REPORTE MKT;;Adulta;Femenino;Alquilada;Casado;Cerca;71800;0;Alto;24;1946
REPORTE MKT;;Media;Masculino;Propia;Casado;Lejos;95800;3;NA;12;2581
REPORTE MKT;;Joven;Femenino;Propia;Soltero;Cerca;32600;3;Bajo;12;172
REPORTE MKT;;Media;Masculino;Propia;Casado;Cerca;74500;2;Medio;12;824
REPORTE MKT;;Adulta;Femenino;Alquilada;Soltero;Cerca;29200;0;Bajo;12;556
REPORTE MKT;;Joven;Femenino;Alquilada;Soltero;Lejos;12900;1;Bajo;6;167
REPORTE MKT;;Media;Masculino;Alquilada;Casado;Cerca;117700;1;Alto;12;2104
REPORTE MKT;;Media;Femenino;Propia;Casado;Cerca;64100;1;Medio;18;1332
REPORTE MKT;;Media;Femenino;Alquilada;Soltero;Cerca;46500;1;Medio;24;829
REPORTE MKT;;Joven;Femenino;Alquilada;Soltero;Cerca;12400;1;NA;12;229
REPORTE MKT;;Media;Masculino;Propia;Casado;Lejos;130600;0;Alto;18;3442
REPORTE MKT;;Media;Masculino;Propia;Casado;Lejos;74400;0;Alto;6;1893
REPORTE MKT;;Adulta;Femenino;Propia;Soltero;Lejos;40600;2;Medio;6;690
REPORTE MKT;;Joven;Femenino;Alquilada;Casado;Cerca;54200;1;Medio;6;486
REPORTE MKT;;Media;Masculino;Propia;Soltero;Lejos;65400;1;Alto;12;2290
REPORTE MKT;;Media;Masculino;Alquilada;Soltero;Cerca;49100;0;NA;6;934
REPORTE MKT;;Joven;Femenino;Alquilada;Soltero;Cerca;10600;2;NA;24;517
REPORTE MKT;;Joven;Femenino;Alquilada;Casado;Cerca;76400;0;NA;12;2216
REPORTE MKT;;Media;Femenino;Alquilada;Casado;Cerca;93700;1;Alto;24;1521
REPORTE MKT;;Media;Masculino;Alquilada;Soltero;Lejos;49000;0;Alto;18;1523
REPORTE MKT;;Media;Femenino;Propia;Casado;Cerca;96500;1;Alto;18;1364
REPORTE MKT;;Media;Masculino;Propia;Soltero;Cerca;55600;0;NA;12;952
REPORTE MKT;;Media;Masculino;Propia;Casado;Cerca;99600;1;Alto;6;871
REPORTE MKT;;Media;Femenino;Propia;Casado;Cerca;79900;3;Bajo;12;295
REPORTE MKT;;Adulta;Femenino;Alquilada;Casado;Cerca;50500;0;Medio;12;642
REPORTE MKT;;Adulta;Femenino;Propia;Soltero;Lejos;16300;0;Bajo;6;317
REPORTE MKT;;Adulta;Femenino;Propia;Casado;Cerca;49200;0;Medio;12;1078
REPORTE MKT;;Media;Masculino;Propia;Soltero;Lejos;48100;2;Medio;18;961
REPORTE MKT;;Media;Masculino;Propia;Soltero;Lejos;61300;2;Alto;24;1241
REPORTE MKT;;Media;Femenino;Propia;Casado;Cerca;72600;1;NA;18;1999
REPORTE MKT;;Joven;Masculino;Alquilada;Soltero;Lejos;19500;0;NA;24;571
REPORTE MKT;;Joven;Femenino;Alquilada;Soltero;Cerca;17200;1;NA;12;329
REPORTE MKT;;Media;Masculino;Alquilada;Soltero;Lejos;51100;0;Alto;24;1984
REPORTE MKT;;Media;Masculino;Propia;Soltero;Cerca;76800;1;Medio;18;1061
REPORTE MKT;;Media;Masculino;Propia;Soltero;Lejos;60200;0;Alto;12;1955
REPORTE MKT;;Media;Masculino;Alquilada;Soltero;Cerca;59100;2;Bajo;18;580
REPORTE MKT;;Adulta;Femenino;Propia;Soltero;Cerca;32500;0;Medio;24;883
REPORTE MKT;;Media;Femenino;Alquilada;Soltero;Lejos;49500;2;Medio;12;1195
REPORTE MKT;;Media;Masculino;Propia;Casado;Cerca;109600;1;Alto;12;2318
REPORTE MKT;;Joven;Femenino;Alquilada;Casado;Cerca;47300;0;NA;6;640
REPORTE MKT;;Media;Masculino;Alquilada;Casado;Cerca;93000;1;Alto;24;2644
REPORTE MKT;;Joven;Femenino;Propia;Soltero;Lejos;32000;1;NA;24;1320
REPORTE MKT;;Joven;Femenino;Propia;Soltero;Cerca;44700;1;Medio;6;502
REPORTE MKT;;Adulta;Femenino;Propia;Casado;Cerca;69400;0;Alto;18;2419
REPORTE MKT;;Media;Masculino;Propia;Casado;Cerca;64300;2;Medio;6;661
REPORTE MKT;;Media;Masculino;Propia;Soltero;Lejos;75400;0;Alto;24;2723
REPORTE MKT;;Media;Masculino;Propia;Casado;Cerca;96100;0;Alto;6;1588
REPORTE MKT;;Adulta;Femenino;Propia;Casado;Cerca;118000;3;Bajo;12;581
REPORTE MKT;;Joven;Masculino;Alquilada;Casado;Cerca;69700;1;Medio;12;1432
REPORTE MKT;;Adulta;Masculino;Propia;Soltero;Cerca;59300;0;Medio;12;929
REPORTE MKT;;Media;Femenino;Alquilada;Casado;Cerca;88600;3;Bajo;6;212
REPORTE MKT;;Media;Masculino;Propia;Casado;Cerca;102600;0;Alto;18;2546
REPORTE MKT;;Media;Masculino;Alquilada;Soltero;Cerca;43700;0;NA;18;1344
REPORTE MKT;;Adulta;Femenino;Propia;Casado;Cerca;22400;0;NA;24;947
REPORTE MKT;;Media;Masculino;Alquilada;Casado;Lejos;70500;1;NA;24;2145
REPORTE MKT;;Media;Masculino;Propia;Casado;Cerca;54200;1;Medio;6;757
REPORTE MKT;;Media;Femenino;Propia;Soltero;Lejos;25300;1;NA;6;451
REPORTE MKT;;Adulta;Masculino;Propia;Casado;Cerca;116100;1;Alto;24;2975
REPORTE MKT;;Joven;Femenino;Alquilada;Soltero;Cerca;15900;0;NA;18;406
REPORTE MKT;;Media;Femenino;Propia;Soltero;Cerca;46600;3;Bajo;6;158
REPORTE MKT;;Joven;Masculino;Propia;Soltero;Cerca;23200;0;NA;24;534
REPORTE MKT;;Joven;Masculino;Alquilada;Soltero;Cerca;18200;0;Bajo;12;401
REPORTE MKT;;Media;Femenino;Propia;Casado;Cerca;82700;1;Alto;18;1753
REPORTE MKT;;Joven;Femenino;Alquilada;Soltero;Cerca;17000;0;Bajo;18;659
REPORTE MKT;;Media;Masculino;Propia;Casado;Cerca;83000;2;Medio;6;726
REPORTE MKT;;Joven;Femenino;Propia;Casado;Cerca;42400;1;NA;18;1166
REPORTE MKT;;Adulta;Masculino;Propia;Soltero;Cerca;40200;2;NA;18;1197
REPORTE MKT;;Joven;Femenino;Alquilada;Soltero;Lejos;17300;0;Bajo;6;411
REPORTE MKT;;Media;Femenino;Propia;Casado;Cerca;109800;1;Alto;24;2258
REPORTE MKT;;Media;Femenino;Propia;Soltero;Lejos;64400;3;Medio;24;1913
REPORTE MKT;;Joven;Femenino;Alquilada;Soltero;Lejos;27600;1;Medio;24;893
REPORTE MKT;;Joven;Femenino;Alquilada;Soltero;Cerca;25100;1;NA;6;421
REPORTE MKT;;Media;Femenino;Propia;Soltero;Cerca;46300;3;NA;6;1138
REPORTE MKT;;Adulta;Femenino;Propia;Casado;Lejos;74900;0;NA;12;1804
REPORTE MKT;;Media;Masculino;Propia;Soltero;Cerca;67900;0;Alto;18;1418
REPORTE MKT;;Media;Masculino;Alquilada;Casado;Cerca;88500;2;Medio;24;1104
REPORTE MKT;;Media;Masculino;Propia;Casado;Cerca;99200;3;NA;12;2796
REPORTE MKT;;Adulta;Femenino;Propia;Casado;Cerca;62800;0;Alto;18;1403
REPORTE MKT;;Adulta;Masculino;Propia;Casado;Lejos;76900;2;Alto;24;3230
REPORTE MKT;;Media;Masculino;Propia;Casado;Cerca;84100;3;NA;6;1352
REPORTE MKT;;Adulta;Femenino;Propia;Casado;Cerca;77600;0;Alto;18;2004
REPORTE MKT;;Joven;Femenino;Alquilada;Soltero;Cerca;19100;1;Bajo;18;403
REPORTE MKT;;Adulta;Femenino;Propia;Casado;Lejos;128700;0;Alto;24;3995
REPORTE MKT;;Joven;Femenino;Alquilada;Soltero;Lejos;14400;1;Bajo;6;390
REPORTE MKT;;Adulta;Masculino;Alquilada;Casado;Cerca;49600;0;Medio;6;770
REPORTE MKT;;Media;Femenino;Alquilada;Soltero;Cerca;47000;0;NA;6;963
REPORTE MKT;;Joven;Femenino;Alquilada;Casado;Cerca;36600;0;Medio;6;833
REPORTE MKT;;Media;Femenino;Propia;Soltero;Cerca;65800;1;Medio;12;869
REPORTE MKT;;Media;Masculino;Alquilada;Casado;Lejos;52800;2;Medio;12;926
REPORTE MKT;;Media;Masculino;Propia;Casado;Cerca;96500;0;Alto;24;3780
REPORTE MKT;;Media;Femenino;Alquilada;Casado;Cerca;63500;1;Medio;18;1023
REPORTE MKT;;Media;Masculino;Alquilada;Soltero;Cerca;60400;1;Medio;6;791
REPORTE MKT;;Media;Masculino;Propia;Casado;Cerca;102700;3;NA;12;1473
REPORTE MKT;;Media;Masculino;Propia;Casado;Cerca;100100;2;NA;6;1597
REPORTE MKT;;Media;Masculino;Alquilada;Soltero;Cerca;54400;0;Medio;6;1150
REPORTE MKT;;Media;Masculino;Alquilada;Casado;Cerca;105600;3;Bajo;6;304
REPORTE MKT;;Adulta;Femenino;Propia;Casado;Lejos;57900;0;Alto;12;1693
REPORTE MKT;;Joven;Masculino;Propia;Soltero;Cerca;31500;3;Bajo;18;269
REPORTE MKT;;Media;Femenino;Alquilada;Casado;Lejos;60100;1;Alto;18;1430
REPORTE MKT;;Media;Masculino;Alquilada;Casado;Cerca;87400;2;NA;18;2729
REPORTE MKT;;Media;Masculino;Propia;Casado;Cerca;117900;0;Alto;6;1760
REPORTE MKT;;Media;Masculino;Propia;Soltero;Cerca;48800;1;Medio;24;1271
REPORTE MKT;;Media;Femenino;Propia;Casado;Cerca;67900;3;Bajo;12;356
REPORTE MKT;;Adulta;Masculino;Alquilada;Casado;Lejos;66200;0;NA;6;1024
REPORTE MKT;;Media;Masculino;Alquilada;Casado;Cerca;88000;2;Medio;6;524
REPORTE MKT;;Media;Masculino;Alquilada;Casado;Cerca;94200;1;Alto;18;1211
REPORTE MKT;;Joven;Femenino;Alquilada;Soltero;Cerca;29200;3;NA;6;636
REPORTE MKT;;Joven;Masculino;Alquilada;Soltero;Lejos;15300;0;Bajo;24;645
REPORTE MKT;;Joven;Masculino;Alquilada;Soltero;Lejos;17500;0;Bajo;18;472
REPORTE MKT;;Adulta;Masculino;Propia;Casado;Cerca;168800;0;Alto;6;1512
REPORTE MKT;;Media;Masculino;Alquilada;Soltero;Lejos;40200;0;Alto;18;1634
REPORTE MKT;;Joven;Masculino;Alquilada;Soltero;Cerca;28400;3;Bajo;18;182
REPORTE MKT;;Media;Masculino;Alquilada;Casado;Lejos;72200;3;Medio;18;1042
REPORTE MKT;;Media;Femenino;Propia;Soltero;Lejos;55200;0;Alto;18;1714
REPORTE MKT;;Media;Femenino;Alquilada;Soltero;Cerca;44600;0;Medio;18;966
REPORTE MKT;;Media;Masculino;Propia;Soltero;Cerca;58400;0;Medio;12;829
REPORTE MKT;;Media;Femenino;Propia;Soltero;Cerca;67800;1;Medio;6;680
REPORTE MKT;;Adulta;Femenino;Propia;Soltero;Cerca;25500;0;Bajo;18;636
REPORTE MKT;;Joven;Femenino;Alquilada;Soltero;Lejos;20000;3;Bajo;6;182
REPORTE MKT;;Media;Masculino;Alquilada;Soltero;Lejos;52600;1;NA;18;1773
REPORTE MKT;;Media;Masculino;Alquilada;Casado;Lejos;97600;1;NA;12;2902
REPORTE MKT;;Adulta;Masculino;Propia;Casado;Cerca;23400;0;Bajo;6;348
REPORTE MKT;;Media;Femenino;Propia;Casado;Cerca;102500;3;Bajo;12;548
REPORTE MKT;;Media;Femenino;Propia;Casado;Lejos;52300;1;Alto;18;2034
REPORTE MKT;;Media;Masculino;Alquilada;Soltero;Lejos;65400;0;Alto;12;2296
REPORTE MKT;;Joven;Masculino;Alquilada;Soltero;Cerca;19600;0;Bajo;12;395
REPORTE MKT;;Adulta;Masculino;Propia;Casado;Lejos;37000;0;Medio;12;850
REPORTE MKT;;Joven;Femenino;Alquilada;Soltero;Lejos;13200;0;NA;18;512
REPORTE MKT;;Media;Masculino;Alquilada;Soltero;Cerca;63800;1;Medio;24;1622
REPORTE MKT;;Adulta;Femenino;Alquilada;Soltero;Lejos;22600;0;NA;12;865
REPORTE MKT;;Adulta;Femenino;Propia;Soltero;Cerca;37300;0;Medio;6;673
REPORTE MKT;;Joven;Masculino;Alquilada;Soltero;Lejos;14900;1;NA;12;422
REPORTE MKT;;Media;Femenino;Propia;Soltero;Cerca;36700;1;NA;6;529
REPORTE MKT;;Media;Masculino;Propia;Soltero;Cerca;63200;0;Alto;24;1932
REPORTE MKT;;Adulta;Masculino;Propia;Casado;Cerca;77300;0;Alto;18;1853
REPORTE MKT;;Media;Masculino;Alquilada;Soltero;Cerca;43100;1;NA;12;1224
REPORTE MKT;;Media;Femenino;Alquilada;Soltero;Lejos;44800;1;Medio;6;666
REPORTE MKT;;Adulta;Femenino;Alquilada;Casado;Cerca;70900;0;Alto;24;1685
REPORTE MKT;;Media;Femenino;Alquilada;Soltero;Lejos;38200;0;Medio;24;1476
REPORTE MKT;;Joven;Femenino;Alquilada;Soltero;Lejos;18400;1;Bajo;6;319
REPORTE MKT;;Media;Femenino;Alquilada;Soltero;Cerca;40700;3;Bajo;18;232
REPORTE MKT;;Adulta;Masculino;Propia;Soltero;Cerca;71300;0;Alto;18;1543
REPORTE MKT;;Media;Femenino;Alquilada;Soltero;Cerca;36400;2;Bajo;18;506
REPORTE MKT;;Joven;Masculino;Alquilada;Soltero;Cerca;15400;0;Bajo;6;172
REPORTE MKT;;Media;Masculino;Propia;Soltero;Lejos;39100;1;Medio;12;1001
REPORTE MKT;;Media;Masculino;Alquilada;Soltero;Cerca;43800;0;Medio;12;606
REPORTE MKT;;Joven;Masculino;Alquilada;Soltero;Lejos;25300;0;Medio;12;591
REPORTE MKT;;Adulta;Masculino;Alquilada;Casado;Cerca;71800;0;Alto;12;1389
REPORTE MKT;;Media;Masculino;Propia;Soltero;Cerca;73200;0;Alto;24;2177
REPORTE MKT;;Media;Masculino;Propia;Casado;Lejos;79000;1;Alto;18;2279
REPORTE MKT;;Media;Femenino;Alquilada;Casado;Cerca;75200;1;NA;24;2702
REPORTE MKT;;Joven;Femenino;Alquilada;Soltero;Cerca;25300;3;NA;6;510
REPORTE MKT;;Adulta;Femenino;Propia;Casado;Cerca;43600;0;Medio;12;1047
REPORTE MKT;;Media;Masculino;Propia;Casado;Cerca;83600;2;Medio;6;538
REPORTE MKT;;Media;Femenino;Propia;Soltero;Lejos;56200;0;Alto;18;1546
REPORTE MKT;;Joven;Masculino;Alquilada;Casado;Cerca;45500;0;Medio;6;754
REPORTE MKT;;Media;Masculino;Propia;Casado;Cerca;99300;1;Alto;12;1504
REPORTE MKT;;Media;Masculino;Propia;Casado;Lejos;108000;3;Alto;24;1849
REPORTE MKT;;Media;Femenino;Propia;Casado;Lejos;84900;1;Alto;24;3072
REPORTE MKT;;Media;Masculino;Propia;Casado;Lejos;93000;3;Alto;6;1046
REPORTE MKT;;Media;Femenino;Propia;Casado;Cerca;82000;0;Alto;18;1800
REPORTE MKT;;Adulta;Femenino;Propia;Soltero;Cerca;33000;3;NA;6;700
REPORTE MKT;Lima;Media;Femenino;Propia;Soltero;Cerca;36900;2;Bajo;24;514
REPORTE MKT;Lima;Media;Femenino;Alquilada;Soltero;Cerca;33200;1;NA;6;320
REPORTE MKT;Lima;Joven;Masculino;Alquilada;Casado;Cerca;49300;0;NA;24;1692
REPORTE MKT;Lima;Adulta;Masculino;Alquilada;Casado;Lejos;66200;0;Alto;24;2057
REPORTE MKT;Lima;Media;Masculino;Propia;Casado;Lejos;96800;2;Alto;18;2299
REPORTE MKT;Lima;Adulta;Masculino;Propia;Soltero;Cerca;63200;0;Alto;24;1507
REPORTE MKT;Lima;Adulta;Masculino;Propia;Casado;Lejos;112900;0;Alto;24;6217
REPORTE MKT;Lima;Media;Femenino;Alquilada;Soltero;Cerca;32100;2;Bajo;24;405
REPORTE MKT;Lima;Media;Masculino;Propia;Casado;Lejos;102700;1;Alto;18;3785
REPORTE MKT;Ayacucho;Media;Masculino;Propia;Casado;Cerca;123800;2;NA;18;3537
REPORTE MKT;Lima;Adulta;Femenino;Alquilada;Soltero;Lejos;11700;0;Bajo;18;540
REPORTE MKT;Lima;Media;Masculino;Propia;Casado;Cerca;101700;1;NA;6;941
REPORTE MKT;Lima;Media;Femenino;Alquilada;Casado;Cerca;75200;1;NA;24;2702
REPORTE MKT;Lima;Joven;Masculino;Alquilada;Soltero;Cerca;17600;0;NA;6;273
REPORTE MKT;Lima;Joven;Femenino;Alquilada;Soltero;Cerca;19400;1;NA;18;384
REPORTE MKT;Lima;Media;Masculino;Alquilada;Soltero;Lejos;40500;1;NA;18;1073
REPORTE MKT;Lima;Adulta;Masculino;Propia;Soltero;Cerca;44800;0;Medio;24;1417
REPORTE MKT;Lima;Media;Masculino;Propia;Casado;Cerca;79000;2;Medio;18;671
REPORTE MKT;Huancayo;Joven;Masculino;Alquilada;Casado;Cerca;53600;1;Medio;24;973
REPORTE MKT;Lima;Joven;Masculino;Alquilada;Casado;Cerca;53600;1;Medio;24;973
REPORTE MKT;Lima;Media;Masculino;Propia;Casado;Cerca;123800;2;NA;18;3537
REPORTE MKT;Lima;Media;Femenino;Propia;Soltero;Cerca;36900;2;Bajo;24;514
REPORTE MKT;Lima;Media;Femenino;Propia;Soltero;Cerca;36900;2;Bajo;-24;514
REPORTE MKT;Lima;Adulta;Masculino;Propia;Soltero;Cerca;63200;119;Alto;0;1507
REPORTE MKT;Lima;Adulta;Femenino;Alquilada;Soltero;Lejos;22600;0;NA;12;-8166
REPORTE MKT;Lima;Joven;Masculino;Alquilada;Soltero;Lejos;17500;0;Bajo;-18;472
REPORTE MKT;Lima;Joven;Masculino;Alquilada;Soltero;Lejos;17500;0;Bajo;-18;472
REPORTE MKT;Lima;Adulta;Masculino;Propia;Soltero;Cerca;63200;0;Alto;24;1507
REPORTE MKT;Lima;Media;Femenino;Propia;Casado;Lejos;99200;0;Alto;24;5503
